--
-- 商品部分
--

DROP TABLE IF EXISTS `tag_mapping`;
DROP TABLE IF EXISTS `commodity`;
DROP TABLE IF EXISTS `brand`;
DROP TABLE IF EXISTS `category`;
DROP TABLE IF EXISTS `tag`;

CREATE TABLE `brand` (
  `brand_id` int unsigned PRIMARY KEY AUTO_INCREMENT,
  `brand_name` varchar(100)
) ENGINE = InnoDB AUTO_INCREMENT = 71 CHARACTER SET = utf8 COLLATE = utf8_general_ci ROW_FORMAT = Dynamic;

INSERT INTO `brand` VALUES (1, 'QUALITY FIRST');
INSERT INTO `brand` VALUES (2, 'AHC');
INSERT INTO `brand` VALUES (3, '美蒂菲(MEDI-PEEL)');
INSERT INTO `brand` VALUES (4, '美迪惠尔（MEDIHEAL）');
INSERT INTO `brand` VALUES (5, 'JMsolution');
INSERT INTO `brand` VALUES (6, '理肤泉 (LA ROCHE-POSAY)');
INSERT INTO `brand` VALUES (7, 'A.by BOM');
INSERT INTO `brand` VALUES (8, '肌美精(Kracie)');
INSERT INTO `brand` VALUES (9, '科颜氏 (Kiehl’s)');
INSERT INTO `brand` VALUES (10, '无印良品（MUJI）');
INSERT INTO `brand` VALUES (11, 'WONJIN EFFECT');
INSERT INTO `brand` VALUES (12, 'Argentum');
INSERT INTO `brand` VALUES (13, '梦蜗(WellDerm)');
INSERT INTO `brand` VALUES (14, '皇后的秘密（Quality First）');
INSERT INTO `brand` VALUES (15, '伊诗露（Esthe Dew）');
INSERT INTO `brand` VALUES (16, '蒂佳婷（Dr.Jart+ ）');
INSERT INTO `brand` VALUES (17, 'papa recipe');
INSERT INTO `brand` VALUES (18, 'Shiningcode');
INSERT INTO `brand` VALUES (19, '伊思(It\'s skin)');
INSERT INTO `brand` VALUES (20, 'Saborino');
INSERT INTO `brand` VALUES (21, '资生堂 (Shiseido)');
INSERT INTO `brand` VALUES (22, 'VIVLAS');
INSERT INTO `brand` VALUES (23, '兰芝 (LANEIGE)');
INSERT INTO `brand` VALUES (24, '高丝（KOSE）');
INSERT INTO `brand` VALUES (25, '珂润(Curel)');
INSERT INTO `brand` VALUES (26, 'SPC');
INSERT INTO `brand` VALUES (27, '雪花秀(Sulwhasoo)');
INSERT INTO `brand` VALUES (28, 'lucas');
INSERT INTO `brand` VALUES (29, '雅诗兰黛 (Estee Lauder)');
INSERT INTO `brand` VALUES (30, '后(The history of whoo)');
INSERT INTO `brand` VALUES (31, 'SK-II');
INSERT INTO `brand` VALUES (32, 'AHC（爱和纯）');
INSERT INTO `brand` VALUES (33, 'G&M');
INSERT INTO `brand` VALUES (34, 'ANNABELLA');
INSERT INTO `brand` VALUES (35, '黛珂（COSME DECORTE）');
INSERT INTO `brand` VALUES (36, 'BCL');
INSERT INTO `brand` VALUES (37, '齐叶雅（Ziaja）');
INSERT INTO `brand` VALUES (38, '丽得姿(LEADERS)');
INSERT INTO `brand` VALUES (39, 'Shining Nature Purity');
INSERT INTO `brand` VALUES (40, '大创(Daiso)');
INSERT INTO `brand` VALUES (41, '江户（PureSmile）');
INSERT INTO `brand` VALUES (42, 'RAY');
INSERT INTO `brand` VALUES (43, 'Lush');
INSERT INTO `brand` VALUES (44, '倩碧 (Clinique)');
INSERT INTO `brand` VALUES (45, '丽得姿（Leaders）');
INSERT INTO `brand` VALUES (46, '伊索(AESOP)');
INSERT INTO `brand` VALUES (47, 'LOSHI');
INSERT INTO `brand` VALUES (48, 'Banana Boat');
INSERT INTO `brand` VALUES (49, '袋鼠(Aussie)');
INSERT INTO `brand` VALUES (50, 'Kiehl\'s(科颜氏)');
INSERT INTO `brand` VALUES (51, '太阳社');
INSERT INTO `brand` VALUES (52, 'Goodal');
INSERT INTO `brand` VALUES (53, '德妃（Dermafirm）');
INSERT INTO `brand` VALUES (54, 'su:m37（呼吸）');
INSERT INTO `brand` VALUES (55, 'PALMERS');
INSERT INTO `brand` VALUES (56, 'Abib');
INSERT INTO `brand` VALUES (57, 'Blackmores');
INSERT INTO `brand` VALUES (58, 'JAYJUN');
INSERT INTO `brand` VALUES (59, 'Sukin');
INSERT INTO `brand` VALUES (60, 'Style nara');
INSERT INTO `brand` VALUES (61, '馥蕾诗（Fresh）');
INSERT INTO `brand` VALUES (62, '城野医生(Dr.Ci:Labo)');
INSERT INTO `brand` VALUES (63, 'MINMIS');
INSERT INTO `brand` VALUES (64, '蝶翠诗 (DHC)');
INSERT INTO `brand` VALUES (65, 'ATREUS');
INSERT INTO `brand` VALUES (66, '石泽研究所(ISHIZAWA LABS)');
INSERT INTO `brand` VALUES (67, 'MINON');
INSERT INTO `brand` VALUES (68, '兰蔻 (Lancome)');
INSERT INTO `brand` VALUES (69, '悦木之源(Origins)');
INSERT INTO `brand` VALUES (70, 'Forty Fathoms');


CREATE TABLE `category` (
  `category_id` int unsigned PRIMARY KEY AUTO_INCREMENT,
  `category_name` varchar(30)
) ENGINE = InnoDB AUTO_INCREMENT = 18 CHARACTER SET = utf8 COLLATE = utf8_general_ci ROW_FORMAT = Dynamic;

INSERT INTO `category` VALUES (1, '面膜贴');
INSERT INTO `category` VALUES (2, '护肤套装');
INSERT INTO `category` VALUES (3, '面霜');
INSERT INTO `category` VALUES (4, '撕拉面膜');
INSERT INTO `category` VALUES (5, '乳液');
INSERT INTO `category` VALUES (6, '喷雾');
INSERT INTO `category` VALUES (7, '水洗面膜');
INSERT INTO `category` VALUES (8, '爽肤水');
INSERT INTO `category` VALUES (9, '免洗面膜');
INSERT INTO `category` VALUES (10, '药膏');
INSERT INTO `category` VALUES (11, '日霜');
INSERT INTO `category` VALUES (12, '沐浴附属用品');
INSERT INTO `category` VALUES (13, '美容液');
INSERT INTO `category` VALUES (14, '防晒霜');
INSERT INTO `category` VALUES (15, '美发造型');
INSERT INTO `category` VALUES (16, '妈妈护理');
INSERT INTO `category` VALUES (17, '颈霜');

CREATE TABLE `tag` (
  `tag_id` int unsigned PRIMARY KEY AUTO_INCREMENT,
  `tag_name` varchar(30)
) ENGINE = InnoDB AUTO_INCREMENT = 33 CHARACTER SET = utf8 COLLATE = utf8_general_ci ROW_FORMAT = Dynamic;

INSERT INTO `tag` VALUES (1, '保湿');
INSERT INTO `tag` VALUES (2, '美白');
INSERT INTO `tag` VALUES (3, '补水');
INSERT INTO `tag` VALUES (4, '滋润');
INSERT INTO `tag` VALUES (5, '舒缓');
INSERT INTO `tag` VALUES (6, '喷雾');
INSERT INTO `tag` VALUES (7, '温和');
INSERT INTO `tag` VALUES (8, '紧致');
INSERT INTO `tag` VALUES (9, '修护肌肤');
INSERT INTO `tag` VALUES (10, '修护');
INSERT INTO `tag` VALUES (11, '收敛毛孔');
INSERT INTO `tag` VALUES (12, '均匀肤色');
INSERT INTO `tag` VALUES (13, '抗皱');
INSERT INTO `tag` VALUES (14, '清洁');
INSERT INTO `tag` VALUES (15, '定妆');
INSERT INTO `tag` VALUES (16, '清爽');
INSERT INTO `tag` VALUES (17, '嫩肤');
INSERT INTO `tag` VALUES (18, '润唇');
INSERT INTO `tag` VALUES (19, '控油');
INSERT INTO `tag` VALUES (20, '改善肤质');
INSERT INTO `tag` VALUES (21, '防冻裂');
INSERT INTO `tag` VALUES (22, '柔肤');
INSERT INTO `tag` VALUES (23, '防护');
INSERT INTO `tag` VALUES (24, '防晒');
INSERT INTO `tag` VALUES (25, '淡化黑色素');
INSERT INTO `tag` VALUES (26, '护发');
INSERT INTO `tag` VALUES (27, '修饰');
INSERT INTO `tag` VALUES (28, '抗衰老');
INSERT INTO `tag` VALUES (29, '去黑头');
INSERT INTO `tag` VALUES (30, '缩小毛孔');
INSERT INTO `tag` VALUES (31, '祛痘');
INSERT INTO `tag` VALUES (32, '净肤');

CREATE TABLE `commodity` (
  `commodity_id` int unsigned PRIMARY KEY AUTO_INCREMENT,
  `commodity_name` varchar(200) DEFAULT '测试商品',
  `commodity_price` float DEFAULT 9.9,
  `commodity_cover` varchar(400) DEFAULT '',
  `commodity_tag` json,
  `commodity_sku` varchar(200),
  `commodity_origin_country` varchar(100),
  `commodity_note` varchar(200) DEFAULT '',
  `commodity_special_note` varchar(200) DEFAULT '',
  `commodity_hot` int unsigned DEFAULT 0,
  `commodity_weight` smallint unsigned DEFAULT 0,
  `commodity_create_time` timestamp DEFAULT CURRENT_TIMESTAMP,
  `commodity_brand_id` int unsigned,
  `commodity_category_id` int unsigned,
  `commodity_stock` int unsigned DEFAULT 100,
  FOREIGN KEY (`commodity_brand_id`) REFERENCES `brand` (`brand_id`),
  FOREIGN KEY (`commodity_category_id`) REFERENCES `category` (`category_id`)
) ENGINE = InnoDB AUTO_INCREMENT = 0 CHARACTER SET = utf8 COLLATE = utf8_general_ci ROW_FORMAT = Dynamic;

INSERT INTO `commodity` VALUES (1, 'QUALITY FIRST保湿面膜50片/袋', 9.9, 'http://p4.jmstatic.com/product/000/818/818484_std/818484_350_350.jpg', '[{\"tag_id\": 1, \"tag_name\": \"保湿\"}, {\"tag_id\": 2, \"tag_name\": \"美白\"}, {\"tag_id\": 3, \"tag_name\": \"补水\"}]', '702003318', '日本（具体产地以收到产品为准）', '因个人肤质不同，如有不适请立即停止使用。', '', 0, 0, '2019-08-05 08:13:33', 1, 1, 100);
INSERT INTO `commodity` VALUES (2, 'AHCB5玻尿酸水乳套装120ml+120ml', 9.9, 'http://p0.jmstatic.com/product/004/909/4909470_std/4909470_350_350.jpg', '[{\"tag_id\": 1, \"tag_name\": \"保湿\"}, {\"tag_id\": 3, \"tag_name\": \"补水\"}]', '702027514', '韩国（具体产地以收到实物为准）', '因个人肤质不同，如有不适请立即停止使用。', '多款包装随机发货，介意者慎购！', 0, 0, '2019-08-05 08:13:34', 2, 2, 100);
INSERT INTO `commodity` VALUES (3, 'AHC B5玻尿酸保湿滋润面霜50ml', 9.9, 'http://p0.jmstatic.com/product/004/906/4906970_std/4906970_350_350.jpg', '[{\"tag_id\": 1, \"tag_name\": \"保湿\"}]', '7011224851', NULL, '因个人肤质不同，如有不适请立即停止使用。', '因个人肤质不同，如有不适请立即停止使用！', 0, 0, '2019-08-05 08:13:34', 2, 3, 100);
INSERT INTO `commodity` VALUES (4, '【祛黄亮白一敷搞定】MEDI-PEEL玫瑰面膜100g+1kg', 9.9, 'http://p0.jmstatic.com/product/002/458/2458465_std/2458465_350_350.jpg', '[{\"tag_id\": 1, \"tag_name\": \"保湿\"}, {\"tag_id\": 3, \"tag_name\": \"补水\"}]', '702030268', '韩国（具体产地以收到实物为准）', '因个人肤质不同，如有不适请立即停止使用。', '', 0, 0, '2019-08-05 08:13:34', 3, 4, 100);
INSERT INTO `commodity` VALUES (5, '美迪惠尔保湿面膜贴25ml*20片', 9.9, 'http://p3.jmstatic.com/product/002/119/2119208_std/2119208_350_350.jpg', '[{\"tag_id\": 1, \"tag_name\": \"保湿\"}, {\"tag_id\": 3, \"tag_name\": \"补水\"}, {\"tag_id\": 4, \"tag_name\": \"滋润\"}]', '702021952', '韩国（具体产地以收到实物为准）', '因个人肤质不同，如有不适请立即停止使用。', '', 0, 0, '2019-08-05 08:13:34', 4, 1, 100);
INSERT INTO `commodity` VALUES (6, 'AHC高浓缩B5玻尿酸乳液120ml', 9.9, 'http://p1.jmstatic.com/product/004/909/4909456_std/4909456_350_350.jpg', '[{\"tag_id\": 1, \"tag_name\": \"保湿\"}, {\"tag_id\": 3, \"tag_name\": \"补水\"}]', '702023802', '韩国（具体产地以收到实物为准）', '因个人肤质不同，如有不适请立即停止使用。', '多款包装随机发货，请放心购买！', 0, 0, '2019-08-05 08:13:34', 2, 5, 100);
INSERT INTO `commodity` VALUES (7, 'AHC高浓缩玻尿酸洁面水乳三件套', 9.9, 'http://p3.jmstatic.com/product/004/758/4758738_std/4758738_350_350.jpg', '[{\"tag_id\": 1, \"tag_name\": \"保湿\"}]', '702029461', '韩国（具体产地以收到实物为准）', '因个人肤质不同，如有不适请立即停止使用。', '多款包装随机发！请放心购买！', 0, 0, '2019-08-05 08:13:34', 2, 2, 100);
INSERT INTO `commodity` VALUES (8, 'JMsolution 蜂蜜面膜 10片/盒*2', 9.9, 'http://p4.jmstatic.com/product/004/936/4936954_std/4936954_350_350.jpg', '[{\"tag_id\": 1, \"tag_name\": \"保湿\"}, {\"tag_id\": 2, \"tag_name\": \"美白\"}, {\"tag_id\": 3, \"tag_name\": \"补水\"}, {\"tag_id\": 4, \"tag_name\": \"滋润\"}]', '7011212763', NULL, '因个人肤质不同，如有不适请立即停止使用。', '本产品为全新正装，请放心购买', 0, 0, '2019-08-05 08:13:34', 5, 1, 100);
INSERT INTO `commodity` VALUES (9, '理肤泉舒缓调理喷雾300ml', 9.9, 'http://p1.jmstatic.com/product/004/399/4399556_std/4399556_350_350.jpg', '[{\"tag_id\": 1, \"tag_name\": \"保湿\"}, {\"tag_id\": 5, \"tag_name\": \"舒缓\"}, {\"tag_id\": 6, \"tag_name\": \"喷雾\"}, {\"tag_id\": 7, \"tag_name\": \"温和\"}]', '702029864', '法国（具体产地以收到产品为准）', '因个人肤质不同，如有不适请立即停止使用。', '多款包装随机发！请放心购买！', 0, 0, '2019-08-05 08:13:35', 6, 6, 100);
INSERT INTO `commodity` VALUES (10, 'A.by BOM超能婴儿叶子面膜10片', 9.9, 'http://p2.jmstatic.com/product/004/652/4652332_std/4652332_350_350.jpg', '[{\"tag_id\": 8, \"tag_name\": \"紧致\"}, {\"tag_id\": 1, \"tag_name\": \"保湿\"}, {\"tag_id\": 9, \"tag_name\": \"修护肌肤\"}, {\"tag_id\": 3, \"tag_name\": \"补水\"}, {\"tag_id\": 10, \"tag_name\": \"修护\"}, {\"tag_id\": 7, \"tag_name\": \"温和\"}]', '702027998', '韩国（具体产地以收到实物为准）', '因个人肤质不同，如有不适请立即停止使用。', '', 0, 0, '2019-08-05 08:13:35', 7, 1, 100);
INSERT INTO `commodity` VALUES (11, 'AHC 高浓缩B5玻尿酸面霜50ml', 9.9, 'http://p4.jmstatic.com/product/004/425/4425834_std/4425834_350_350.jpg', '[{\"tag_id\": 1, \"tag_name\": \"保湿\"}]', '702023804', '韩国（具体产地以收到实物为准）', '因个人肤质不同，如有不适请立即停止使用。', '多款包装随机发！', 0, 0, '2019-08-05 08:13:35', 2, 3, 100);
INSERT INTO `commodity` VALUES (12, '美迪惠尔水库面膜3盒装', 9.9, 'http://p0.jmstatic.com/product/004/920/4920220_std/4920220_350_350.jpg', '[{\"tag_id\": 1, \"tag_name\": \"保湿\"}, {\"tag_id\": 3, \"tag_name\": \"补水\"}, {\"tag_id\": 4, \"tag_name\": \"滋润\"}]', '702028915', '韩国（具体产地以收到实物为准）', '因个人肤质不同，如有不适请立即停止使用。', '', 0, 0, '2019-08-05 08:13:35', 4, 1, 100);
INSERT INTO `commodity` VALUES (13, '肌美精玻尿酸保湿面膜红色5片', 9.9, 'http://p2.jmstatic.com/product/004/416/4416972_std/4416972_350_350.jpg', '[{\"tag_id\": 1, \"tag_name\": \"保湿\"}, {\"tag_id\": 3, \"tag_name\": \"补水\"}, {\"tag_id\": 4, \"tag_name\": \"滋润\"}]', '7011212674', NULL, '因个人肤质不同，如有不适请立即停止使用。', '因个人肤质不同，如有不适请立即停止使用', 0, 0, '2019-08-05 08:13:36', 8, 7, 100);
INSERT INTO `commodity` VALUES (14, '科颜氏Kiehl\'s高保湿精华爽肤水2', 9.9, 'http://p2.jmstatic.com/product/004/929/4929932_std/4929932_350_350.jpg', '[{\"tag_id\": 1, \"tag_name\": \"保湿\"}]', '7011223125', NULL, '因个人肤质不同，如有不适请立即停止使用。', '本产品为全新正装，包装随机发货。', 0, 0, '2019-08-05 08:13:36', 9, 8, 100);
INSERT INTO `commodity` VALUES (15, '无印良品敏感肌用乳液200ml', 9.9, 'http://p0.jmstatic.com/product/003/509/3509170_std/3509170_350_350.jpg', '[{\"tag_id\": 1, \"tag_name\": \"保湿\"}, {\"tag_id\": 9, \"tag_name\": \"修护肌肤\"}, {\"tag_id\": 3, \"tag_name\": \"补水\"}, {\"tag_id\": 4, \"tag_name\": \"滋润\"}, {\"tag_id\": 11, \"tag_name\": \"收敛毛孔\"}]', '702017289', '日本（具体产地以收到实物为准）', '因个人肤质不同，如有不适请立即停止使用。', '多款包装随机发！请放心购买！', 0, 0, '2019-08-05 08:13:36', 10, 5, 100);
INSERT INTO `commodity` VALUES (16, '原辰玻尿酸安瓶补水面膜10片装', 9.9, 'http://p2.jmstatic.com/product/004/910/4910552_std/4910552_350_350.jpg', '[{\"tag_id\": 1, \"tag_name\": \"保湿\"}, {\"tag_id\": 3, \"tag_name\": \"补水\"}, {\"tag_id\": 4, \"tag_name\": \"滋润\"}]', '7011224988', NULL, '因个人肤质不同，如有不适请立即停止使用。', '因个人肤质不同，如有不适请立即停止使用！', 0, 0, '2019-08-05 08:13:36', 11, 1, 100);
INSERT INTO `commodity` VALUES (17, 'JM solution樱花面膜 5片/盒', 9.9, 'http://p0.jmstatic.com/product/004/343/4343210_std/4343210_350_350.jpg', '[{\"tag_id\": 1, \"tag_name\": \"保湿\"}, {\"tag_id\": 2, \"tag_name\": \"美白\"}, {\"tag_id\": 3, \"tag_name\": \"补水\"}, {\"tag_id\": 4, \"tag_name\": \"滋润\"}]', '7011200626', NULL, '因个人肤质不同，如有不适请立即停止使用。', '本产品为全新正品，请放心购买！', 0, 0, '2019-08-05 08:13:36', 5, 1, 100);
INSERT INTO `commodity` VALUES (18, 'AHC 胶原蛋白水乳护肤套装', 9.9, 'http://p1.jmstatic.com/product/002/115/2115316_std/2115316_350_350.jpg', '[{\"tag_id\": 12, \"tag_name\": \"均匀肤色\"}, {\"tag_id\": 1, \"tag_name\": \"保湿\"}, {\"tag_id\": 3, \"tag_name\": \"补水\"}, {\"tag_id\": 4, \"tag_name\": \"滋润\"}]', '7011212767', NULL, '因个人肤质不同，如有不适请立即停止使用。', '本产品为全新正品，请放心购买', 0, 0, '2019-08-05 08:13:36', 2, 2, 100);
INSERT INTO `commodity` VALUES (19, 'Argentum保湿修护亮颜银霜70ml', 9.9, 'http://p1.jmstatic.com/product/004/941/4941046_std/4941046_350_350.jpg', '[{\"tag_id\": 9, \"tag_name\": \"修护肌肤\"}, {\"tag_id\": 3, \"tag_name\": \"补水\"}, {\"tag_id\": 4, \"tag_name\": \"滋润\"}, {\"tag_id\": 13, \"tag_name\": \"抗皱\"}]', 'ZHP5L1C702031173S702031414', '英国（具体产地以收到实物为准）', '因个人肤质不同，如有不适请立即停止使用。', '', 0, 0, '2019-08-05 08:13:37', 12, 3, 100);
INSERT INTO `commodity` VALUES (20, '梦蜗茶露面膜20片+刮痧板', 9.9, 'http://p3.jmstatic.com/product/004/941/4941918_std/4941918_350_350.jpg', '[{\"tag_id\": 1, \"tag_name\": \"保湿\"}, {\"tag_id\": 9, \"tag_name\": \"修护肌肤\"}, {\"tag_id\": 3, \"tag_name\": \"补水\"}, {\"tag_id\": 4, \"tag_name\": \"滋润\"}]', '702030728', '韩国（具体产地以收到实物为准）', '因个人肤质不同，如有不适请立即停止使用。', '', 0, 0, '2019-08-05 08:13:37', 13, 1, 100);
INSERT INTO `commodity` VALUES (21, '美迪惠尔胶囊100生物纤维面膜', 9.9, 'http://p4.jmstatic.com/product/003/483/3483304_std/3483304_350_350.jpg', '[{\"tag_id\": 14, \"tag_name\": \"清洁\"}, {\"tag_id\": 1, \"tag_name\": \"保湿\"}, {\"tag_id\": 3, \"tag_name\": \"补水\"}, {\"tag_id\": 5, \"tag_name\": \"舒缓\"}]', 'ZHP5L1C702031173S702032103', '韩国（具体产地以收到实物为准）', '因个人肤质不同，如有不适请立即停止使用。', '', 0, 0, '2019-08-05 08:13:37', 4, 1, 100);
INSERT INTO `commodity` VALUES (22, 'JMsolution 胜肽面膜 5片/盒', 9.9, 'http://p0.jmstatic.com/product/003/946/3946620_std/3946620_350_350.jpg', '[{\"tag_id\": 1, \"tag_name\": \"保湿\"}, {\"tag_id\": 9, \"tag_name\": \"修护肌肤\"}, {\"tag_id\": 3, \"tag_name\": \"补水\"}]', '7011200624', NULL, '因个人肤质不同，如有不适请立即停止使用。', '本产品为全新正品，请放心购买！', 0, 0, '2019-08-05 08:13:37', 5, 1, 100);
INSERT INTO `commodity` VALUES (23, '皇后的秘密多效合一美白面膜30枚', 9.9, 'http://p3.jmstatic.com/product/004/960/4960308_std/4960308_350_350.jpg', '[{\"tag_id\": 1, \"tag_name\": \"保湿\"}, {\"tag_id\": 3, \"tag_name\": \"补水\"}, {\"tag_id\": 4, \"tag_name\": \"滋润\"}]', '7011212722', NULL, '因个人肤质不同，如有不适请立即停止使用。', '因个人肤质不同，如有不适请立即停止使用', 0, 0, '2019-08-05 08:13:37', 14, 7, 100);
INSERT INTO `commodity` VALUES (24, 'Esthe Dew伊诗露芦荟化妆水500ml', 9.9, 'http://p1.jmstatic.com/product/001/036/1036831_std/1036831_350_350.jpg', '[{\"tag_id\": 1, \"tag_name\": \"保湿\"}, {\"tag_id\": 3, \"tag_name\": \"补水\"}, {\"tag_id\": 4, \"tag_name\": \"滋润\"}]', '7011215360', NULL, '因个人肤质不同，如有不适请立即停止使用。', '因个人肤质不同，如有不适请立即停止使用', 0, 0, '2019-08-05 08:13:38', 15, 8, 100);
INSERT INTO `commodity` VALUES (25, 'Dr.Jart+ 绿色药丸面膜 5片/盒', 9.9, 'http://p3.jmstatic.com/product/004/343/4343208_std/4343208_350_350.jpg', '[{\"tag_id\": 1, \"tag_name\": \"保湿\"}, {\"tag_id\": 3, \"tag_name\": \"补水\"}, {\"tag_id\": 4, \"tag_name\": \"滋润\"}]', '7011223288', NULL, '因个人肤质不同，如有不适请立即停止使用。', '因个人肤质不同，如有不适请立即停止使用！', 0, 0, '2019-08-05 08:13:38', 16, 1, 100);
INSERT INTO `commodity` VALUES (26, '原辰焕能再生吊瓶面膜 30g*10片', 9.9, 'http://p1.jmstatic.com/product/004/428/4428596_std/4428596_350_350.jpg', '[{\"tag_id\": 1, \"tag_name\": \"保湿\"}, {\"tag_id\": 3, \"tag_name\": \"补水\"}, {\"tag_id\": 4, \"tag_name\": \"滋润\"}]', '702031990', NULL, '因个人肤质不同，如有不适请立即停止使用。', '', 0, 0, '2019-08-05 08:13:38', 11, 1, 100);
INSERT INTO `commodity` VALUES (27, '蒂佳婷蓝色药丸补水面膜5片*2盒', 9.9, 'http://p0.jmstatic.com/product/003/837/3837290_std/3837290_350_350.jpg', '[{\"tag_id\": 1, \"tag_name\": \"保湿\"}, {\"tag_id\": 2, \"tag_name\": \"美白\"}, {\"tag_id\": 3, \"tag_name\": \"补水\"}, {\"tag_id\": 4, \"tag_name\": \"滋润\"}]', '7011225603', NULL, '因个人肤质不同，如有不适请立即停止使用。', '因个人肤质不同，如有不适请立即停止使用！', 0, 0, '2019-08-05 08:13:38', 16, 1, 100);
INSERT INTO `commodity` VALUES (28, '春雨红参蜂蜜精油面膜20片', 9.9, 'http://p0.jmstatic.com/product/004/479/4479490_std/4479490_350_350.jpg', '[{\"tag_id\": 1, \"tag_name\": \"保湿\"}, {\"tag_id\": 9, \"tag_name\": \"修护肌肤\"}, {\"tag_id\": 3, \"tag_name\": \"补水\"}, {\"tag_id\": 4, \"tag_name\": \"滋润\"}]', '702030530', '韩国（具体产地以收到实物为准）', '因个人肤质不同，如有不适请立即停止使用。', '', 0, 0, '2019-08-05 08:13:38', 17, 1, 100);
INSERT INTO `commodity` VALUES (29, 'Shiningcode氨基酸补水面膜10片', 9.9, 'http://p3.jmstatic.com/product/004/936/4936958_std/4936958_350_350.jpg', '[{\"tag_id\": 1, \"tag_name\": \"保湿\"}, {\"tag_id\": 3, \"tag_name\": \"补水\"}, {\"tag_id\": 4, \"tag_name\": \"滋润\"}]', '702029695', '韩国（具体产地以收到实物为准）', '因个人肤质不同，如有不适请立即停止使用。', '', 0, 0, '2019-08-05 08:13:39', 18, 1, 100);
INSERT INTO `commodity` VALUES (30, '皇后的秘密抗衰老黑面膜3枚装', 9.9, 'http://p0.jmstatic.com/product/000/984/984650_std/984650_350_350.jpg', '[{\"tag_id\": 8, \"tag_name\": \"紧致\"}, {\"tag_id\": 1, \"tag_name\": \"保湿\"}, {\"tag_id\": 3, \"tag_name\": \"补水\"}, {\"tag_id\": 4, \"tag_name\": \"滋润\"}]', '7011209193', NULL, '因个人肤质不同，如有不适请立即停止使用。', '面膜非独立包装，一袋3枚', 0, 0, '2019-08-05 08:13:39', 14, 7, 100);
INSERT INTO `commodity` VALUES (31, 'AHC B5玻尿酸水乳套装', 9.9, 'http://p2.jmstatic.com/product/004/958/4958152_std/4958152_350_350.jpg', '[{\"tag_id\": 1, \"tag_name\": \"保湿\"}, {\"tag_id\": 2, \"tag_name\": \"美白\"}, {\"tag_id\": 3, \"tag_name\": \"补水\"}, {\"tag_id\": 4, \"tag_name\": \"滋润\"}]', '7011212762', NULL, '因个人肤质不同，如有不适请立即停止使用。', '因个人肤质不同，如有不适请立即停止使用。', 0, 0, '2019-08-05 08:13:39', 2, 2, 100);
INSERT INTO `commodity` VALUES (32, 'AHC玻尿酸水乳霜三件套装', 9.9, 'http://p3.jmstatic.com/product/002/153/2153978_std/2153978_350_350.jpg', '[{\"tag_id\": 1, \"tag_name\": \"保湿\"}, {\"tag_id\": 9, \"tag_name\": \"修护肌肤\"}, {\"tag_id\": 3, \"tag_name\": \"补水\"}, {\"tag_id\": 4, \"tag_name\": \"滋润\"}, {\"tag_id\": 10, \"tag_name\": \"修护\"}, {\"tag_id\": 7, \"tag_name\": \"温和\"}]', '702032579', '韩国（具体产地以收到实物为准）', '因个人肤质不同，如有不适请立即停止使用。', '', 0, 0, '2019-08-05 08:13:39', 2, 2, 100);
INSERT INTO `commodity` VALUES (33, '皇后的秘密美白面膜EX30枚', 9.9, 'http://p1.jmstatic.com/product/004/960/4960306_std/4960306_350_350.jpg', '[{\"tag_id\": 1, \"tag_name\": \"保湿\"}, {\"tag_id\": 3, \"tag_name\": \"补水\"}, {\"tag_id\": 4, \"tag_name\": \"滋润\"}]', '7011212732', NULL, '因个人肤质不同，如有不适请立即停止使用。', '因个人肤质不同，如有不适请立即停止使用', 0, 0, '2019-08-05 08:13:39', 14, 7, 100);
INSERT INTO `commodity` VALUES (34, '伊思蜂胶蜗牛营养面霜 60ml', 9.9, 'http://p2.jmstatic.com/product/004/901/4901932_std/4901932_350_350.jpg', '[{\"tag_id\": 1, \"tag_name\": \"保湿\"}, {\"tag_id\": 9, \"tag_name\": \"修护肌肤\"}]', '702028892', '韩国（具体产地以收到实物为准）', '因个人肤质不同，如有不适请立即停止使用。', '', 0, 0, '2019-08-05 08:13:40', 19, 3, 100);
INSERT INTO `commodity` VALUES (35, 'Saborino清洁肌肤晚安面膜28枚', 9.9, 'http://p1.jmstatic.com/product/004/936/4936956_std/4936956_350_350.jpg', '[{\"tag_id\": 1, \"tag_name\": \"保湿\"}, {\"tag_id\": 3, \"tag_name\": \"补水\"}, {\"tag_id\": 11, \"tag_name\": \"收敛毛孔\"}]', '702030083', '日本（具体产地以收到实物为准）', '因个人肤质不同，如有不适请立即停止使用。', '', 0, 0, '2019-08-05 08:13:40', 20, 1, 100);
INSERT INTO `commodity` VALUES (36, 'JMsolution 补水美白面膜套装', 9.9, 'http://p3.jmstatic.com/product/002/197/2197958_std/2197958_350_350.jpg', '[{\"tag_id\": 1, \"tag_name\": \"保湿\"}, {\"tag_id\": 2, \"tag_name\": \"美白\"}, {\"tag_id\": 3, \"tag_name\": \"补水\"}, {\"tag_id\": 4, \"tag_name\": \"滋润\"}]', '7011223139', NULL, '因个人肤质不同，如有不适请立即停止使用。', '本产品为全新正装，请放心购买', 0, 0, '2019-08-05 08:13:40', 5, 1, 100);
INSERT INTO `commodity` VALUES (37, '蒂佳婷分子钉滋润保保湿面膜5片', 9.9, 'http://p0.jmstatic.com/product/004/944/4944000_std/4944000_350_350.jpg', '[{\"tag_id\": 1, \"tag_name\": \"保湿\"}, {\"tag_id\": 3, \"tag_name\": \"补水\"}, {\"tag_id\": 10, \"tag_name\": \"修护\"}]', '7011198155', NULL, '因个人肤质不同，如有不适请立即停止使用。', '本产品为全新正装，请放心购买！', 0, 0, '2019-08-05 08:13:40', 16, 1, 100);
INSERT INTO `commodity` VALUES (38, '资生堂 优悦活颜化妆水170ml', 9.9, 'http://p4.jmstatic.com/product/004/930/4930014_std/4930014_350_350.jpg', '[{\"tag_id\": 1, \"tag_name\": \"保湿\"}, {\"tag_id\": 9, \"tag_name\": \"修护肌肤\"}, {\"tag_id\": 3, \"tag_name\": \"补水\"}, {\"tag_id\": 4, \"tag_name\": \"滋润\"}, {\"tag_id\": 10, \"tag_name\": \"修护\"}]', '702023003', '日本（具体产地以收到实物为准）', '因个人肤质不同，如有不适请立即停止使用。', '多款包装随机发！请放心购买！', 0, 0, '2019-08-05 08:13:40', 21, 8, 100);
INSERT INTO `commodity` VALUES (39, '唯兰颂茶秘水润愈颜面膜25g*10片', 9.9, 'http://p3.jmstatic.com/product/004/906/4906958_std/4906958_350_350.jpg', '[{\"tag_id\": 1, \"tag_name\": \"保湿\"}, {\"tag_id\": 3, \"tag_name\": \"补水\"}, {\"tag_id\": 4, \"tag_name\": \"滋润\"}]', '702033157', '韩国（具体产地以收到实物为准）', '因个人肤质不同，如有不适请立即停止使用。', '', 0, 0, '2019-08-05 08:13:41', 22, 1, 100);
INSERT INTO `commodity` VALUES (40, '兰芝 水乳两件套 清爽型', 9.9, 'http://p2.jmstatic.com/product/004/184/4184942_std/4184942_350_350.jpg', '[{\"tag_id\": 1, \"tag_name\": \"保湿\"}, {\"tag_id\": 3, \"tag_name\": \"补水\"}, {\"tag_id\": 4, \"tag_name\": \"滋润\"}]', '7011224579', NULL, '因个人肤质不同，如有不适请立即停止使用。', '因个人肤质不同，如有不适请立即停止使用！', 0, 0, '2019-08-05 08:13:41', 23, 2, 100);
INSERT INTO `commodity` VALUES (41, '高丝胶原蛋白精华面膜 30片/盒', 9.9, 'http://p1.jmstatic.com/product/004/929/4929996_std/4929996_350_350.jpg', '[{\"tag_id\": 1, \"tag_name\": \"保湿\"}, {\"tag_id\": 3, \"tag_name\": \"补水\"}, {\"tag_id\": 4, \"tag_name\": \"滋润\"}]', '7011212688', NULL, '因个人肤质不同，如有不适请立即停止使用。', '因个人肤质不同，如有不适请立即停止使用', 0, 0, '2019-08-05 08:13:41', 24, 7, 100);
INSERT INTO `commodity` VALUES (42, 'VIVLAS唯兰颂亮白焕颜面膜2盒', 9.9, 'http://p1.jmstatic.com/product/004/726/4726656_std/4726656_350_350.jpg', '[{\"tag_id\": 1, \"tag_name\": \"保湿\"}, {\"tag_id\": 2, \"tag_name\": \"美白\"}, {\"tag_id\": 3, \"tag_name\": \"补水\"}, {\"tag_id\": 4, \"tag_name\": \"滋润\"}]', '702033158', '韩国（具体产地以收到实物为准）', '因个人肤质不同，如有不适请立即停止使用。', '', 0, 0, '2019-08-05 08:13:41', 22, 1, 100);
INSERT INTO `commodity` VALUES (43, '理肤泉舒缓调理喷雾300ml*3', 9.9, 'http://p4.jmstatic.com/product/004/929/4929934_std/4929934_350_350.jpg', '[{\"tag_id\": 1, \"tag_name\": \"保湿\"}, {\"tag_id\": 3, \"tag_name\": \"补水\"}, {\"tag_id\": 15, \"tag_name\": \"定妆\"}, {\"tag_id\": 16, \"tag_name\": \"清爽\"}]', '702033404', '法国（具体产地以收到产品为准）', '因个人肤质不同，如有不适请立即停止使用。', '多款包装随机发！请放心购买！', 0, 0, '2019-08-05 08:13:41', 6, 6, 100);
INSERT INTO `commodity` VALUES (44, '日本原装进口珂润保湿面霜40g', 9.9, 'http://p0.jmstatic.com/product/003/359/3359280_std/3359280_350_350.jpg', NULL, '7011223109', NULL, '因个人肤质不同，如有不适请立即停止使用。', '因个人肤质不同，如有不适请立即停止使用；保税区商品不支持7天无理由退换货，新疆西藏地区不发货。', 0, 0, '2019-08-05 08:13:41', 25, 3, 100);
INSERT INTO `commodity` VALUES (45, 'JMsolution 水光蜂蜜水乳套装', 9.9, 'http://p2.jmstatic.com/product/001/049/1049787_std/1049787_350_350.jpg', '[{\"tag_id\": 1, \"tag_name\": \"保湿\"}, {\"tag_id\": 2, \"tag_name\": \"美白\"}, {\"tag_id\": 3, \"tag_name\": \"补水\"}, {\"tag_id\": 4, \"tag_name\": \"滋润\"}]', '7011198316', NULL, '因个人肤质不同，如有不适请立即停止使用。', '本产品为全新正装，请放心购买', 0, 0, '2019-08-05 08:13:41', 5, 2, 100);
INSERT INTO `commodity` VALUES (46, 'SPC蜗牛面膜分泌液精华原液50片', 9.9, 'http://p2.jmstatic.com/product/001/334/1334672_std/1334672_350_350.jpg', '[{\"tag_id\": 1, \"tag_name\": \"保湿\"}, {\"tag_id\": 3, \"tag_name\": \"补水\"}, {\"tag_id\": 4, \"tag_name\": \"滋润\"}]', '7011212671', NULL, '因个人肤质不同，如有不适请立即停止使用。', '因个人肤质不同，如有不适请立即停止使用', 0, 0, '2019-08-05 08:13:42', 26, 7, 100);
INSERT INTO `commodity` VALUES (47, '雪花秀雨润睡眠修复面膜120ml', 9.9, 'http://p4.jmstatic.com/product/003/359/3359264_std/3359264_350_350.jpg', '[{\"tag_id\": 1, \"tag_name\": \"保湿\"}, {\"tag_id\": 9, \"tag_name\": \"修护肌肤\"}, {\"tag_id\": 3, \"tag_name\": \"补水\"}, {\"tag_id\": 4, \"tag_name\": \"滋润\"}, {\"tag_id\": 17, \"tag_name\": \"嫩肤\"}]', '702002622', '韩国（具体产地以收到实物为准）', '因个人肤质不同，如有不适请立即停止使用。', '多款包装随机发。', 0, 0, '2019-08-05 08:13:42', 27, 9, 100);
INSERT INTO `commodity` VALUES (48, '澳洲直邮 lucas木瓜膏25g*2支', 9.9, 'http://p4.jmstatic.com/product/004/909/4909474_std/4909474_350_350.jpg', '[{\"tag_id\": 1, \"tag_name\": \"保湿\"}, {\"tag_id\": 4, \"tag_name\": \"滋润\"}, {\"tag_id\": 10, \"tag_name\": \"修护\"}, {\"tag_id\": 18, \"tag_name\": \"润唇\"}]', '7011198331', NULL, '因个人肤质不同，如有不适请立即停止使用。', '此产品不能替代药品，产品包装以收到实物为准。', 0, 0, '2019-08-05 08:13:42', 28, 10, 100);
INSERT INTO `commodity` VALUES (49, '资生堂 嘉美艳容露150ml*2', 9.9, 'http://p3.jmstatic.com/product/004/941/4941908_std/4941908_350_350.jpg', '[{\"tag_id\": 1, \"tag_name\": \"保湿\"}, {\"tag_id\": 3, \"tag_name\": \"补水\"}, {\"tag_id\": 19, \"tag_name\": \"控油\"}]', '702017856', '日本（具体产地以收到实物为准）', '因个人肤质不同，如有不适请立即停止使用。', '', 0, 0, '2019-08-05 08:13:42', 21, 8, 100);
INSERT INTO `commodity` VALUES (50, '【日间修护肌肤透亮无暇】雅诗兰黛红石榴鲜亮焕彩日霜50ml', 9.9, 'http://p4.jmstatic.com/product/003/197/3197829_std/3197829_350_350.jpg', '[{\"tag_id\": 1, \"tag_name\": \"保湿\"}, {\"tag_id\": 3, \"tag_name\": \"补水\"}, {\"tag_id\": 4, \"tag_name\": \"滋润\"}, {\"tag_id\": 20, \"tag_name\": \"改善肤质\"}]', '702007328', '美国（具体产地以收到实物为准）', '因个人肤质不同，如有不适请立即停止使用。', '多款包装随机发！请放心购买！', 0, 0, '2019-08-05 08:13:43', 29, 11, 100);
INSERT INTO `commodity` VALUES (51, '后津率享红华凝香水乳霜套盒', 9.9, 'http://p0.jmstatic.com/product/004/941/4941040_std/4941040_350_350.jpg', '[{\"tag_id\": 1, \"tag_name\": \"保湿\"}, {\"tag_id\": 2, \"tag_name\": \"美白\"}, {\"tag_id\": 4, \"tag_name\": \"滋润\"}, {\"tag_id\": 13, \"tag_name\": \"抗皱\"}]', '7011197456', NULL, '因个人肤质不同，如有不适请立即停止使用。', '除水、乳和霜之外其余盒内产品为赠品，每批产品出厂时赠品均不一样，介意者慎购。', 0, 0, '2019-08-05 08:13:43', 30, 2, 100);
INSERT INTO `commodity` VALUES (52, 'SK-II护肤面膜（10片）', 9.9, 'http://p3.jmstatic.com/product/004/941/4941028_std/4941028_350_350.jpg', '[{\"tag_id\": 1, \"tag_name\": \"保湿\"}, {\"tag_id\": 9, \"tag_name\": \"修护肌肤\"}, {\"tag_id\": 3, \"tag_name\": \"补水\"}, {\"tag_id\": 4, \"tag_name\": \"滋润\"}, {\"tag_id\": 5, \"tag_name\": \"舒缓\"}]', 'ZHP5L1C702031173S702022580', '日本（具体产地以收到实物为准）', '因个人肤质不同，如有不适请立即停止使用。', '', 0, 0, '2019-08-05 08:13:43', 31, 1, 100);
INSERT INTO `commodity` VALUES (53, 'AHC B5二代玻尿酸面霜', 9.9, 'http://p4.jmstatic.com/product/002/216/2216064_std/2216064_350_350.jpg', '[{\"tag_id\": 1, \"tag_name\": \"保湿\"}, {\"tag_id\": 4, \"tag_name\": \"滋润\"}]', '7011204415', NULL, '因个人肤质不同，如有不适请立即停止使用。', '新老两款包装随机发货', 0, 0, '2019-08-05 08:13:43', 32, 3, 100);
INSERT INTO `commodity` VALUES (54, 'G&M绵羊油维生素E面霜 250g', 9.9, 'http://p3.jmstatic.com/product/004/269/4269498_std/4269498_350_350.jpg', '[{\"tag_id\": 1, \"tag_name\": \"保湿\"}, {\"tag_id\": 9, \"tag_name\": \"修护肌肤\"}, {\"tag_id\": 4, \"tag_name\": \"滋润\"}, {\"tag_id\": 21, \"tag_name\": \"防冻裂\"}]', '702011001', NULL, '因个人肤质不同，如有不适请立即停止使用。', '由于产品版本不同，价格不同，介意者慎购！', 0, 0, '2019-08-05 08:13:44', 33, 3, 100);
INSERT INTO `commodity` VALUES (55, 'JMsolution 蜂蜜面膜 10片/盒', 9.9, 'http://p3.jmstatic.com/product/004/930/4930018_std/4930018_350_350.jpg', '[{\"tag_id\": 1, \"tag_name\": \"保湿\"}, {\"tag_id\": 2, \"tag_name\": \"美白\"}, {\"tag_id\": 3, \"tag_name\": \"补水\"}, {\"tag_id\": 4, \"tag_name\": \"滋润\"}]', '7011198315', NULL, '因个人肤质不同，如有不适请立即停止使用。', '本产品为全新正装，请放心购买', 0, 0, '2019-08-05 08:13:44', 5, 1, 100);
INSERT INTO `commodity` VALUES (56, 'AHC透明质酸神仙水水乳2件套盒', 9.9, 'http://p0.jmstatic.com/product/004/948/4948870_std/4948870_350_350.jpg', '[{\"tag_id\": 1, \"tag_name\": \"保湿\"}, {\"tag_id\": 3, \"tag_name\": \"补水\"}, {\"tag_id\": 4, \"tag_name\": \"滋润\"}]', '702029703', NULL, '因个人肤质不同，如有不适请立即停止使用。', '', 0, 0, '2019-08-05 08:13:44', 2, 2, 100);
INSERT INTO `commodity` VALUES (57, '韩国LANEIGE 兰芝 滋润保湿面霜', 9.9, 'http://p0.jmstatic.com/product/000/810/810215_std/810215_350_350.jpg', '[{\"tag_id\": 1, \"tag_name\": \"保湿\"}, {\"tag_id\": 3, \"tag_name\": \"补水\"}, {\"tag_id\": 4, \"tag_name\": \"滋润\"}, {\"tag_id\": 10, \"tag_name\": \"修护\"}]', '7011223355', NULL, '因个人肤质不同，如有不适请立即停止使用。', '水润呵护 滋养肌肤', 0, 0, '2019-08-05 08:13:44', 23, 3, 100);
INSERT INTO `commodity` VALUES (58, 'MUJI敏感肌用乳液滋润型200ml', 9.9, 'http://p0.jmstatic.com/product/004/929/4929930_std/4929930_350_350.jpg', '[{\"tag_id\": 1, \"tag_name\": \"保湿\"}, {\"tag_id\": 3, \"tag_name\": \"补水\"}, {\"tag_id\": 4, \"tag_name\": \"滋润\"}, {\"tag_id\": 11, \"tag_name\": \"收敛毛孔\"}]', '702012437', '日本（具体产地以收到实物为准）', '因个人肤质不同，如有不适请立即停止使用。', '', 0, 0, '2019-08-05 08:13:44', 10, 5, 100);
INSERT INTO `commodity` VALUES (59, '安娜贝拉海藻面膜30ml*10片', 9.9, 'http://p4.jmstatic.com/product/004/426/4426174_std/4426174_350_350.jpg', '[{\"tag_id\": 1, \"tag_name\": \"保湿\"}, {\"tag_id\": 9, \"tag_name\": \"修护肌肤\"}, {\"tag_id\": 3, \"tag_name\": \"补水\"}, {\"tag_id\": 4, \"tag_name\": \"滋润\"}]', '702031161', '泰国（具体产地以收到实物为准）', '因个人肤质不同，如有不适请立即停止使用。', '多款包装随机发！请放心购买！', 0, 0, '2019-08-05 08:13:45', 34, 1, 100);
INSERT INTO `commodity` VALUES (60, '雪花秀滋阴化妆水125ml', 9.9, 'http://p3.jmstatic.com/product/002/021/2021718_std/2021718_350_350.jpg', '[{\"tag_id\": 1, \"tag_name\": \"保湿\"}, {\"tag_id\": 4, \"tag_name\": \"滋润\"}]', '7011198176', NULL, '因个人肤质不同，如有不适请立即停止使用。', '本产品为全新正装，请放心购买！', 0, 0, '2019-08-05 08:13:45', 27, 8, 100);
INSERT INTO `commodity` VALUES (61, '唯兰颂茶秘水润愈颜面膜25g*5', 9.9, 'http://p4.jmstatic.com/product/004/960/4960324_std/4960324_350_350.jpg', '[{\"tag_id\": 1, \"tag_name\": \"保湿\"}, {\"tag_id\": 3, \"tag_name\": \"补水\"}]', '702030982', '韩国（具体产地以收到实物为准）', '因个人肤质不同，如有不适请立即停止使用。', '', 0, 0, '2019-08-05 08:13:45', 22, 1, 100);
INSERT INTO `commodity` VALUES (62, 'AHC 24K黄金蜗牛玻尿酸套盒', 9.9, 'http://p3.jmstatic.com/product/004/908/4908398_std/4908398_350_350.jpg', '[{\"tag_id\": 1, \"tag_name\": \"保湿\"}, {\"tag_id\": 4, \"tag_name\": \"滋润\"}]', '7011204669', NULL, '因个人肤质不同，如有不适请立即停止使用。', '新老两款包装随机发货。', 0, 0, '2019-08-05 08:13:45', 32, 2, 100);
INSERT INTO `commodity` VALUES (63, 'JMsolution水光SOS针剂面膜20片', 9.9, 'http://p1.jmstatic.com/product/004/943/4943996_std/4943996_350_350.jpg', '[{\"tag_id\": 1, \"tag_name\": \"保湿\"}, {\"tag_id\": 3, \"tag_name\": \"补水\"}, {\"tag_id\": 4, \"tag_name\": \"滋润\"}]', '702031406', '韩国（具体产地以收到实物为准）', '因个人肤质不同，如有不适请立即停止使用。', '', 0, 0, '2019-08-05 08:13:45', 5, 1, 100);
INSERT INTO `commodity` VALUES (64, '兰芝水衡透润保湿套装清爽版', 9.9, 'http://p0.jmstatic.com/product/002/193/2193715_std/2193715_350_350.jpg', '[{\"tag_id\": 1, \"tag_name\": \"保湿\"}, {\"tag_id\": 3, \"tag_name\": \"补水\"}, {\"tag_id\": 4, \"tag_name\": \"滋润\"}, {\"tag_id\": 19, \"tag_name\": \"控油\"}]', '7011203350', NULL, '因个人肤质不同，如有不适请立即停止使用。', '本产品为全新正装，请放心购买！', 0, 0, '2019-08-05 08:13:45', 23, 2, 100);
INSERT INTO `commodity` VALUES (65, '珂润(Curel)润浸保湿面霜40g', 9.9, 'http://p3.jmstatic.com/product/001/581/1581378_std/1581378_350_350.jpg', '[{\"tag_id\": 1, \"tag_name\": \"保湿\"}, {\"tag_id\": 4, \"tag_name\": \"滋润\"}]', '702016379', '日本（具体产地以收到实物为准）', '因个人肤质不同，如有不适请立即停止使用。', '多款包装随机发！请放心购买！', 0, 0, '2019-08-05 08:13:45', 25, 3, 100);
INSERT INTO `commodity` VALUES (66, '【神仙套装大合集】SK-II 神仙水限量紫瓶套装', 9.9, 'http://p1.jmstatic.com/product/001/703/1703021_std/1703021_350_350.jpg', '[{\"tag_id\": 1, \"tag_name\": \"保湿\"}, {\"tag_id\": 3, \"tag_name\": \"补水\"}, {\"tag_id\": 4, \"tag_name\": \"滋润\"}]', '702033124', '日本（具体产地以收到实物为准）', '因个人肤质不同，如有不适请立即停止使用。', '', 0, 0, '2019-08-05 08:13:46', 31, 2, 100);
INSERT INTO `commodity` VALUES (67, 'JMsolution珍珠三部曲面膜10片', 9.9, 'http://p3.jmstatic.com/product/004/958/4958668_std/4958668_350_350.jpg', '[{\"tag_id\": 1, \"tag_name\": \"保湿\"}, {\"tag_id\": 3, \"tag_name\": \"补水\"}, {\"tag_id\": 4, \"tag_name\": \"滋润\"}]', '702030419', '韩国（具体产地以收到实物为准）', '因个人肤质不同，如有不适请立即停止使用。', '多款包装随机发！请放心购买！', 0, 0, '2019-08-05 08:13:46', 5, 1, 100);
INSERT INTO `commodity` VALUES (68, 'AHC 玻尿酸保湿水乳套装', 9.9, 'http://p1.jmstatic.com/product/002/168/2168406_std/2168406_350_350.jpg', '[{\"tag_id\": 1, \"tag_name\": \"保湿\"}, {\"tag_id\": 3, \"tag_name\": \"补水\"}, {\"tag_id\": 4, \"tag_name\": \"滋润\"}]', '7011212768', NULL, '因个人肤质不同，如有不适请立即停止使用。', '因个人肤质不同，如有不适请立即停止使用。', 0, 0, '2019-08-05 08:13:46', 2, 2, 100);
INSERT INTO `commodity` VALUES (69, '【日本版】黛珂紫苏水300ml', 9.9, 'http://p3.jmstatic.com/product/001/666/1666133_std/1666133_350_350.jpg', '[{\"tag_id\": 1, \"tag_name\": \"保湿\"}, {\"tag_id\": 4, \"tag_name\": \"滋润\"}]', '702028004', '日本（具体产地以收到实物为准）', '因个人肤质不同，如有不适请立即停止使用。', '', 0, 0, '2019-08-05 08:13:46', 35, 8, 100);
INSERT INTO `commodity` VALUES (70, 'BCL早安懒人保湿面膜32枚', 9.9, 'http://p0.jmstatic.com/product/004/909/4909420_std/4909420_350_350.jpg', '[{\"tag_id\": 1, \"tag_name\": \"保湿\"}, {\"tag_id\": 3, \"tag_name\": \"补水\"}, {\"tag_id\": 4, \"tag_name\": \"滋润\"}]', '7011213843', NULL, '因个人肤质不同，如有不适请立即停止使用。', '因个人肤质不同，如有不适请立即停止使用', 0, 0, '2019-08-05 08:13:46', 36, 7, 100);
INSERT INTO `commodity` VALUES (71, '伊诗露 樱桃精华保湿化妆水500ml', 9.9, 'http://p3.jmstatic.com/product/002/524/2524318_std/2524318_350_350.jpg', '[{\"tag_id\": 12, \"tag_name\": \"均匀肤色\"}, {\"tag_id\": 1, \"tag_name\": \"保湿\"}, {\"tag_id\": 3, \"tag_name\": \"补水\"}, {\"tag_id\": 4, \"tag_name\": \"滋润\"}, {\"tag_id\": 16, \"tag_name\": \"清爽\"}, {\"tag_id\": 17, \"tag_name\": \"嫩肤\"}, {\"tag_id\": 22, \"tag_name\": \"柔肤\"}]', '7011209587', NULL, '因个人肤质不同，如有不适请立即停止使用。', '因彩妆护肤品属个人私物，退换货不能二次销售，不支持7天无理由退换货。', 0, 0, '2019-08-05 08:13:46', 15, 8, 100);
INSERT INTO `commodity` VALUES (72, '齐叶雅羊奶面膜7ml*20', 9.9, 'http://p3.jmstatic.com/product/004/941/4941038_std/4941038_350_350.jpg', '[{\"tag_id\": 1, \"tag_name\": \"保湿\"}, {\"tag_id\": 3, \"tag_name\": \"补水\"}, {\"tag_id\": 4, \"tag_name\": \"滋润\"}]', '702029720', '波兰（具体产地以收到实物为准）', '因个人肤质不同，如有不适请立即停止使用。', '', 0, 0, '2019-08-05 08:13:47', 37, 1, 100);
INSERT INTO `commodity` VALUES (73, 'Leaders丽得姿 AMINO水库面膜', 9.9, 'http://p0.jmstatic.com/product/001/407/1407585_std/1407585_350_350.jpg', '[{\"tag_id\": 1, \"tag_name\": \"保湿\"}, {\"tag_id\": 4, \"tag_name\": \"滋润\"}]', '7011202416', NULL, '因个人肤质不同，如有不适请立即停止使用。', '新老两款包装随机发货', 0, 0, '2019-08-05 08:13:47', 38, 1, 100);
INSERT INTO `commodity` VALUES (74, 'JM海洋珍珠三部曲面膜两盒装20片', 9.9, 'http://p0.jmstatic.com/product/004/956/4956290_std/4956290_350_350.jpg', '[{\"tag_id\": 1, \"tag_name\": \"保湿\"}, {\"tag_id\": 9, \"tag_name\": \"修护肌肤\"}, {\"tag_id\": 3, \"tag_name\": \"补水\"}, {\"tag_id\": 4, \"tag_name\": \"滋润\"}]', '702031053', '韩国（具体产地以收到实物为准）', '因个人肤质不同，如有不适请立即停止使用。', '多款包装随机发！请放心购买！', 0, 0, '2019-08-05 08:13:47', 5, 1, 100);
INSERT INTO `commodity` VALUES (75, 'JM水光针剂急救面膜10片', 9.9, 'http://p1.jmstatic.com/product/004/910/4910576_std/4910576_350_350.jpg', '[{\"tag_id\": 1, \"tag_name\": \"保湿\"}, {\"tag_id\": 9, \"tag_name\": \"修护肌肤\"}, {\"tag_id\": 3, \"tag_name\": \"补水\"}]', '7011198298', NULL, '因个人肤质不同，如有不适请立即停止使用。', '本产品为全新正装，请放心购买', 0, 0, '2019-08-05 08:13:47', 5, 1, 100);
INSERT INTO `commodity` VALUES (76, '蒂佳婷蓝色药丸面膜25g*5', 9.9, 'http://p0.jmstatic.com/product/004/958/4958160_std/4958160_350_350.jpg', '[{\"tag_id\": 1, \"tag_name\": \"保湿\"}, {\"tag_id\": 3, \"tag_name\": \"补水\"}, {\"tag_id\": 4, \"tag_name\": \"滋润\"}]', '7011198161', NULL, '因个人肤质不同，如有不适请立即停止使用。', '本产品为全新正装，请放心购买！', 0, 0, '2019-08-05 08:13:47', 16, 1, 100);
INSERT INTO `commodity` VALUES (77, 'SNP燕窝精华膜力补水面膜10片', 9.9, 'http://p3.jmstatic.com/product/004/941/4941058_std/4941058_350_350.jpg', '[{\"tag_id\": 8, \"tag_name\": \"紧致\"}, {\"tag_id\": 1, \"tag_name\": \"保湿\"}, {\"tag_id\": 3, \"tag_name\": \"补水\"}]', '702030199', '韩国（具体产地以收到实物为准）', '因个人肤质不同，如有不适请立即停止使用。', '', 0, 0, '2019-08-05 08:13:48', 39, 1, 100);
INSERT INTO `commodity` VALUES (78, '科颜氏高保湿面霜125ml', 9.9, 'http://p4.jmstatic.com/product/004/680/4680804_std/4680804_350_350.jpg', '[{\"tag_id\": 1, \"tag_name\": \"保湿\"}, {\"tag_id\": 3, \"tag_name\": \"补水\"}, {\"tag_id\": 4, \"tag_name\": \"滋润\"}, {\"tag_id\": 7, \"tag_name\": \"温和\"}]', '7011222156', NULL, '因个人肤质不同，如有不适请立即停止使用。', '多款包装随机发货，请放心购买！', 0, 0, '2019-08-05 08:13:48', 9, 3, 100);
INSERT INTO `commodity` VALUES (79, 'DAISO大创亮白化妆水120ml*2', 9.9, 'http://p3.jmstatic.com/product/004/726/4726658_std/4726658_350_350.jpg', '[{\"tag_id\": 1, \"tag_name\": \"保湿\"}, {\"tag_id\": 2, \"tag_name\": \"美白\"}]', '702020940', '日本（具体产地以收到实物为准）', '因个人肤质不同，如有不适请立即停止使用。', '', 0, 0, '2019-08-05 08:13:48', 40, 8, 100);
INSERT INTO `commodity` VALUES (80, '春雨红参蜂蜜精油面膜10片', 9.9, 'http://p3.jmstatic.com/product/003/722/3722638_std/3722638_350_350.jpg', '[{\"tag_id\": 1, \"tag_name\": \"保湿\"}, {\"tag_id\": 3, \"tag_name\": \"补水\"}, {\"tag_id\": 4, \"tag_name\": \"滋润\"}]', '702027871', '韩国（具体产地以收到实物为准）', '因个人肤质不同，如有不适请立即停止使用。', '', 0, 0, '2019-08-05 08:13:48', 17, 1, 100);
INSERT INTO `commodity` VALUES (81, '【韩国版】兰芝夜间睡眠面膜70ml', 9.9, 'http://p0.jmstatic.com/product/004/680/4680350_std/4680350_350_350.jpg', '[{\"tag_id\": 1, \"tag_name\": \"保湿\"}, {\"tag_id\": 3, \"tag_name\": \"补水\"}, {\"tag_id\": 4, \"tag_name\": \"滋润\"}]', '702029823', '韩国（具体产地以收到实物为准）', '因个人肤质不同，如有不适请立即停止使用。', '多款包装随机发！请放心购买！', 0, 0, '2019-08-05 08:13:48', 23, 9, 100);
INSERT INTO `commodity` VALUES (82, 'PureSmile艺术脸谱面膜4片', 9.9, 'http://p1.jmstatic.com/product/002/601/2601306_std/2601306_350_350.jpg', '[{\"tag_id\": 1, \"tag_name\": \"保湿\"}, {\"tag_id\": 3, \"tag_name\": \"补水\"}, {\"tag_id\": 4, \"tag_name\": \"滋润\"}]', '7011212696', NULL, '因个人肤质不同，如有不适请立即停止使用。', '因个人肤质不同，如有不适请立即停止使用', 0, 0, '2019-08-05 08:13:48', 41, 7, 100);
INSERT INTO `commodity` VALUES (83, '银色蚕丝面膜20片+海藻面膜10片', 9.9, 'http://p0.jmstatic.com/product/004/941/4941910_std/4941910_350_350.jpg', '[{\"tag_id\": 1, \"tag_name\": \"保湿\"}, {\"tag_id\": 3, \"tag_name\": \"补水\"}, {\"tag_id\": 4, \"tag_name\": \"滋润\"}]', '702031597', '泰国（具体产地以收到实物为准）', '因个人肤质不同，如有不适请立即停止使用。', '', 0, 0, '2019-08-05 08:13:49', 42, 1, 100);
INSERT INTO `commodity` VALUES (84, '安娜贝拉海藻深层补水面膜', 9.9, 'http://p2.jmstatic.com/product/004/906/4906982_std/4906982_350_350.jpg', '[{\"tag_id\": 1, \"tag_name\": \"保湿\"}, {\"tag_id\": 3, \"tag_name\": \"补水\"}, {\"tag_id\": 4, \"tag_name\": \"滋润\"}]', '702031850', '泰国（具体产地以收到实物为准）', '因个人肤质不同，如有不适请立即停止使用。', '', 0, 0, '2019-08-05 08:13:49', 34, 1, 100);
INSERT INTO `commodity` VALUES (85, 'LUSH璀璨星河气泡弹200g', 9.9, 'http://p0.jmstatic.com/product/003/885/3885950_std/3885950_350_350.jpg', '[{\"tag_id\": 14, \"tag_name\": \"清洁\"}, {\"tag_id\": 1, \"tag_name\": \"保湿\"}]', '702030974', '英国（具体产地以收到产品为准）', '', '', 0, 0, '2019-08-05 08:13:49', 43, 12, 100);
INSERT INTO `commodity` VALUES (86, '倩碧润肤乳125ml*2', 9.9, 'http://p2.jmstatic.com/product/004/901/4901982_std/4901982_350_350.jpg', '[{\"tag_id\": 8, \"tag_name\": \"紧致\"}, {\"tag_id\": 1, \"tag_name\": \"保湿\"}, {\"tag_id\": 4, \"tag_name\": \"滋润\"}, {\"tag_id\": 19, \"tag_name\": \"控油\"}]', '702021578', '美国（具体产地以收到实物为准）', '因个人肤质不同，如有不适请立即停止使用。', '新老包装随机发，有泵无泵随机发放！产品从海外运输，外包装特别容易弄脏，请谅解。', 0, 0, '2019-08-05 08:13:49', 44, 5, 100);
INSERT INTO `commodity` VALUES (87, '【韩国版】兰芝水衡透润水/乳', 9.9, 'http://p3.jmstatic.com/product/003/448/3448468_std/3448468_350_350.jpg', '[{\"tag_id\": 1, \"tag_name\": \"保湿\"}, {\"tag_id\": 3, \"tag_name\": \"补水\"}, {\"tag_id\": 4, \"tag_name\": \"滋润\"}]', '702030353', '韩国（具体产地以收到实物为准）', '因个人肤质不同，如有不适请立即停止使用。', '', 0, 0, '2019-08-05 08:13:49', 23, 8, 100);
INSERT INTO `commodity` VALUES (88, '兰芝 水乳两件套 滋润型', 9.9, 'http://p1.jmstatic.com/product/004/938/4938726_std/4938726_350_350.jpg', '[{\"tag_id\": 1, \"tag_name\": \"保湿\"}, {\"tag_id\": 3, \"tag_name\": \"补水\"}, {\"tag_id\": 4, \"tag_name\": \"滋润\"}]', '7011224580', NULL, '因个人肤质不同，如有不适请立即停止使用。', '因个人肤质不同，如有不适请立即停止使用！', 0, 0, '2019-08-05 08:13:50', 23, 2, 100);
INSERT INTO `commodity` VALUES (89, '丽得姿限量版水库面膜套装20片', 9.9, 'http://p0.jmstatic.com/product/004/087/4087780_std/4087780_350_350.jpg', '[{\"tag_id\": 1, \"tag_name\": \"保湿\"}, {\"tag_id\": 9, \"tag_name\": \"修护肌肤\"}, {\"tag_id\": 3, \"tag_name\": \"补水\"}, {\"tag_id\": 4, \"tag_name\": \"滋润\"}, {\"tag_id\": 10, \"tag_name\": \"修护\"}]', '702029331', '韩国（具体产地以收到实物为准）', '因个人肤质不同，如有不适请立即停止使用。', '', 0, 0, '2019-08-05 08:13:50', 45, 1, 100);
INSERT INTO `commodity` VALUES (90, 'JM海洋珍珠三部曲面膜10片', 9.9, 'http://p1.jmstatic.com/product/004/906/4906976_std/4906976_350_350.jpg', '[{\"tag_id\": 1, \"tag_name\": \"保湿\"}, {\"tag_id\": 2, \"tag_name\": \"美白\"}, {\"tag_id\": 3, \"tag_name\": \"补水\"}, {\"tag_id\": 4, \"tag_name\": \"滋润\"}]', '7011198292', NULL, '因个人肤质不同，如有不适请立即停止使用。', '本产品为全新正装，请放心购买', 0, 0, '2019-08-05 08:13:50', 5, 1, 100);
INSERT INTO `commodity` VALUES (91, '兰芝夜间修护睡眠面膜100ml', 9.9, 'http://p4.jmstatic.com/product/004/155/4155534_std/4155534_350_350.jpg', '[{\"tag_id\": 1, \"tag_name\": \"保湿\"}, {\"tag_id\": 9, \"tag_name\": \"修护肌肤\"}, {\"tag_id\": 3, \"tag_name\": \"补水\"}, {\"tag_id\": 4, \"tag_name\": \"滋润\"}]', '7011198182', NULL, '因个人肤质不同，如有不适请立即停止使用。', '本产品为全新正装，请放心购买！', 0, 0, '2019-08-05 08:13:50', 23, 9, 100);
INSERT INTO `commodity` VALUES (92, '伊索（Aesop）保湿面霜60ml', 9.9, 'http://p0.jmstatic.com/product/004/910/4910580_std/4910580_350_350.jpg', '[{\"tag_id\": 8, \"tag_name\": \"紧致\"}, {\"tag_id\": 4, \"tag_name\": \"滋润\"}]', '7011225396', NULL, '因个人肤质不同，如有不适请立即停止使用。', '请先试用，如有不适立即停止使用，不接受无理由退换货，产品包装以收到的为准。', 0, 0, '2019-08-05 08:13:50', 46, 3, 100);
INSERT INTO `commodity` VALUES (93, 'AHC B5玻尿酸乳液保湿滋润120ml', 9.9, 'http://p2.jmstatic.com/product/001/996/1996532_std/1996532_350_350.jpg', '[{\"tag_id\": 1, \"tag_name\": \"保湿\"}, {\"tag_id\": 3, \"tag_name\": \"补水\"}]', '7011224847', NULL, '因个人肤质不同，如有不适请立即停止使用。', '因个人肤质不同，如有不适请立即停止使用！', 0, 0, '2019-08-05 08:13:51', 2, 13, 100);
INSERT INTO `commodity` VALUES (94, '后拱辰享雪玉凝系列水乳套装', 9.9, 'http://p4.jmstatic.com/product/004/920/4920004_std/4920004_350_350.jpg', '[{\"tag_id\": 1, \"tag_name\": \"保湿\"}, {\"tag_id\": 2, \"tag_name\": \"美白\"}, {\"tag_id\": 3, \"tag_name\": \"补水\"}, {\"tag_id\": 4, \"tag_name\": \"滋润\"}, {\"tag_id\": 10, \"tag_name\": \"修护\"}]', '7011197454', NULL, '因个人肤质不同，如有不适请立即停止使用。', '除水、乳之外其余盒内产品为赠品，每批产品出厂时赠品均不一样，介意者慎购。', 0, 0, '2019-08-05 08:13:51', 30, 2, 100);
INSERT INTO `commodity` VALUES (95, 'LOSHI薏仁护肤霜220g', 9.9, 'http://p3.jmstatic.com/product/003/912/3912248_std/3912248_350_350.jpg', '[{\"tag_id\": 1, \"tag_name\": \"保湿\"}, {\"tag_id\": 3, \"tag_name\": \"补水\"}]', '702018248', '日本（具体产地以收到实物为准）', '因个人肤质不同，如有不适请立即停止使用。', '', 0, 0, '2019-08-05 08:13:51', 47, 3, 100);
INSERT INTO `commodity` VALUES (96, 'AHC透明质酸水乳霜三件套盒', 9.9, 'http://p1.jmstatic.com/product/004/933/4933266_std/4933266_350_350.jpg', '[{\"tag_id\": 1, \"tag_name\": \"保湿\"}, {\"tag_id\": 3, \"tag_name\": \"补水\"}]', '702031538', '韩国（具体产地以收到实物为准）', '因个人肤质不同，如有不适请立即停止使用。', '多款包装随机发！请放心购买！', 0, 0, '2019-08-05 08:13:51', 2, 2, 100);
INSERT INTO `commodity` VALUES (97, 'A.H.C 玻尿酸神仙水水乳套盒', 9.9, 'http://p2.jmstatic.com/product/003/486/3486482_std/3486482_350_350.jpg', '[{\"tag_id\": 1, \"tag_name\": \"保湿\"}, {\"tag_id\": 3, \"tag_name\": \"补水\"}, {\"tag_id\": 4, \"tag_name\": \"滋润\"}]', '7011223402', NULL, '因个人肤质不同，如有不适请立即停止使用。', '因个人肤质不同，如有不适请立即停止适用！', 0, 0, '2019-08-05 08:13:51', 2, 2, 100);
INSERT INTO `commodity` VALUES (98, 'JMsolution燕窝营养保湿面膜10片', 9.9, 'http://p1.jmstatic.com/product/004/941/4941886_std/4941886_350_350.jpg', '[{\"tag_id\": 10, \"tag_name\": \"修护\"}, {\"tag_id\": 23, \"tag_name\": \"防护\"}]', '7011225650', NULL, '因个人肤质不同，如有不适请立即停止使用。', '因个人肤质不同，如有不适请立即停止使用！', 0, 0, '2019-08-05 08:13:51', 5, 1, 100);
INSERT INTO `commodity` VALUES (99, '【澳洲直邮】香蕉船婴儿防晒75ml', 9.9, 'http://p3.jmstatic.com/product/004/677/4677458_std/4677458_350_350.jpg', '[{\"tag_id\": 1, \"tag_name\": \"保湿\"}, {\"tag_id\": 24, \"tag_name\": \"防晒\"}]', '7011196870', NULL, '', '无塑封，使用前建议先取少量在宝宝耳后跟试用\r\n产品包装以收到实物为准。', 0, 0, '2019-08-05 08:13:52', 48, 14, 100);
INSERT INTO `commodity` VALUES (100, '伊诗露 嫩白提亮保湿化妆水500ml', 9.9, 'http://p1.jmstatic.com/product/004/929/4929226_std/4929226_350_350.jpg', '[{\"tag_id\": 12, \"tag_name\": \"均匀肤色\"}, {\"tag_id\": 1, \"tag_name\": \"保湿\"}, {\"tag_id\": 2, \"tag_name\": \"美白\"}, {\"tag_id\": 3, \"tag_name\": \"补水\"}, {\"tag_id\": 25, \"tag_name\": \"淡化黑色素\"}]', '7011209579', NULL, '因个人肤质不同，如有不适请立即停止使用。', '因彩妆护肤品属个人私物，退换货不能二次销售，不支持7天无理由退换货。\r\n本产品适宜存放在阴凉，干燥处，请尽量避免阳光直射。', 0, 0, '2019-08-05 08:13:52', 15, 8, 100);
INSERT INTO `commodity` VALUES (101, '法国Aussie袋鼠奇迹保湿洗护套装', 9.9, 'http://p0.jmstatic.com/product/004/930/4930000_std/4930000_350_350.jpg', '[{\"tag_id\": 14, \"tag_name\": \"清洁\"}, {\"tag_id\": 26, \"tag_name\": \"护发\"}]', '702024386', '法国（具体产地以收到产品为准）', '', '', 0, 0, '2019-08-05 08:13:52', 49, 15, 100);
INSERT INTO `commodity` VALUES (102, '科颜氏 大高保湿面霜', 9.9, 'http://p0.jmstatic.com/product/003/908/3908320_std/3908320_350_350.jpg', NULL, '7011206112', NULL, '因个人肤质不同，如有不适请立即停止使用。', '新老两款包装随机发货。', 0, 0, '2019-08-05 08:13:52', 50, 3, 100);
INSERT INTO `commodity` VALUES (103, '太阳社透明质酸原液10ml*2', 9.9, 'http://p4.jmstatic.com/product/004/374/4374254_std/4374254_350_350.jpg', '[{\"tag_id\": 1, \"tag_name\": \"保湿\"}, {\"tag_id\": 3, \"tag_name\": \"补水\"}, {\"tag_id\": 19, \"tag_name\": \"控油\"}]', '702007239', '日本（具体产地以收到实物为准）', '因个人肤质不同，如有不适请立即停止使用。', '本产品为全新正品，有外盒包装', 0, 0, '2019-08-05 08:13:52', 51, 2, 100);
INSERT INTO `commodity` VALUES (104, 'JMsolution 蜂蜜急救面膜套装', 9.9, 'http://p1.jmstatic.com/product/004/269/4269496_std/4269496_350_350.jpg', '[{\"tag_id\": 1, \"tag_name\": \"保湿\"}, {\"tag_id\": 2, \"tag_name\": \"美白\"}, {\"tag_id\": 3, \"tag_name\": \"补水\"}, {\"tag_id\": 4, \"tag_name\": \"滋润\"}]', '7011223135', NULL, '因个人肤质不同，如有不适请立即停止使用。', '本产品为全新正装，请放心购买', 0, 0, '2019-08-05 08:13:52', 5, 1, 100);
INSERT INTO `commodity` VALUES (105, '蒂佳婷  蓝色药丸面膜5片 2盒装', 9.9, 'http://p2.jmstatic.com/product/004/909/4909472_std/4909472_350_350.jpg', '[{\"tag_id\": 1, \"tag_name\": \"保湿\"}, {\"tag_id\": 3, \"tag_name\": \"补水\"}]', '7011223148', NULL, '因个人肤质不同，如有不适请立即停止使用。', '本产品为全新正装，请放心购买！', 0, 0, '2019-08-05 08:13:53', 16, 1, 100);
INSERT INTO `commodity` VALUES (106, 'AHC B5玻尿酸保湿爽肤水120ml', 9.9, 'http://p4.jmstatic.com/product/004/910/4910584_std/4910584_350_350.jpg', NULL, '7011224848', NULL, '因个人肤质不同，如有不适请立即停止使用。', '因个人肤质不同，如有不适请立即停止使用！', 0, 0, '2019-08-05 08:13:53', 2, 8, 100);
INSERT INTO `commodity` VALUES (107, '雪花秀滋盈肌本润颜水乳套裝', 9.9, 'http://p4.jmstatic.com/product/004/324/4324844_std/4324844_350_350.jpg', '[{\"tag_id\": 1, \"tag_name\": \"保湿\"}, {\"tag_id\": 2, \"tag_name\": \"美白\"}, {\"tag_id\": 3, \"tag_name\": \"补水\"}, {\"tag_id\": 4, \"tag_name\": \"滋润\"}]', '7011197921', NULL, '因个人肤质不同，如有不适请立即停止使用。', '除水和乳之外其余盒内产品为赠品，每批产品出厂时赠品均不一样，里面赠品中小样随机发，介意者慎购！', 0, 0, '2019-08-05 08:13:53', 27, 2, 100);
INSERT INTO `commodity` VALUES (108, 'CLIO蜗牛素颜霜50ml', 9.9, 'http://p2.jmstatic.com/product/004/184/4184942_std/4184942_350_350.jpg', '[{\"tag_id\": 12, \"tag_name\": \"均匀肤色\"}, {\"tag_id\": 1, \"tag_name\": \"保湿\"}, {\"tag_id\": 4, \"tag_name\": \"滋润\"}]', '702016509', '韩国（具体产地以收到实物为准）', '因个人肤质不同，如有不适请立即停止使用。', '', 0, 0, '2019-08-05 08:13:53', 52, 3, 100);
INSERT INTO `commodity` VALUES (109, '肌美精美白保湿面膜蓝色5片', 9.9, 'http://p1.jmstatic.com/product/000/966/966306_std/966306_350_350.jpg', '[{\"tag_id\": 1, \"tag_name\": \"保湿\"}, {\"tag_id\": 3, \"tag_name\": \"补水\"}, {\"tag_id\": 4, \"tag_name\": \"滋润\"}]', '7011212651', NULL, '因个人肤质不同，如有不适请立即停止使用。', '因个人肤质不同，如有不适请立即停止使用', 0, 0, '2019-08-05 08:13:53', 8, 7, 100);
INSERT INTO `commodity` VALUES (110, '倩碧卓越润肤乳125ML(有油)', 9.9, 'http://p1.jmstatic.com/product/004/929/4929996_std/4929996_350_350.jpg', '[{\"tag_id\": 8, \"tag_name\": \"紧致\"}, {\"tag_id\": 1, \"tag_name\": \"保湿\"}, {\"tag_id\": 4, \"tag_name\": \"滋润\"}, {\"tag_id\": 19, \"tag_name\": \"控油\"}]', '702000468', '美国（具体产地以收到实物为准）', '因个人肤质不同，如有不适请立即停止使用。', '新老包装随机发！产品从海外运输，外包装特别容易弄脏，请谅解。英国和美国的产地，版本有差异，多款包装随机发！请放心购买！', 0, 0, '2019-08-05 08:13:53', 44, 5, 100);
INSERT INTO `commodity` VALUES (111, '平衡保湿水/保湿乳', 9.9, 'http://p1.jmstatic.com/product/004/726/4726656_std/4726656_350_350.jpg', '[{\"tag_id\": 1, \"tag_name\": \"保湿\"}, {\"tag_id\": 9, \"tag_name\": \"修护肌肤\"}, {\"tag_id\": 3, \"tag_name\": \"补水\"}]', '702031837', '韩国（具体产地以收到实物为准）', '因个人肤质不同，如有不适请立即停止使用。', '', 0, 0, '2019-08-05 08:13:54', 53, 2, 100);
INSERT INTO `commodity` VALUES (112, '唯兰颂茶秘亮白焕颜面膜25g*5片', 9.9, 'http://p4.jmstatic.com/product/004/929/4929934_std/4929934_350_350.jpg', '[{\"tag_id\": 1, \"tag_name\": \"保湿\"}, {\"tag_id\": 4, \"tag_name\": \"滋润\"}]', '702030983', '韩国（具体产地以收到实物为准）', '因个人肤质不同，如有不适请立即停止使用。', '', 0, 0, '2019-08-05 08:13:54', 22, 1, 100);
INSERT INTO `commodity` VALUES (113, 'AHC B5二代补水睡眠面膜', 9.9, 'http://p0.jmstatic.com/product/003/359/3359280_std/3359280_350_350.jpg', '[{\"tag_id\": 1, \"tag_name\": \"保湿\"}, {\"tag_id\": 4, \"tag_name\": \"滋润\"}]', '7011204416', NULL, '因个人肤质不同，如有不适请立即停止使用。', '新老两款包装随机发货。', 0, 0, '2019-08-05 08:13:54', 32, 9, 100);
INSERT INTO `commodity` VALUES (114, '【睡梦中浇灌干渴肌】雪花秀雨润面膜中样30ml', 9.9, 'http://p2.jmstatic.com/product/001/049/1049787_std/1049787_350_350.jpg', '[{\"tag_id\": 1, \"tag_name\": \"保湿\"}, {\"tag_id\": 9, \"tag_name\": \"修护肌肤\"}, {\"tag_id\": 3, \"tag_name\": \"补水\"}, {\"tag_id\": 4, \"tag_name\": \"滋润\"}, {\"tag_id\": 10, \"tag_name\": \"修护\"}]', '702027483', '韩国（具体产地以收到实物为准）', '因个人肤质不同，如有不适请立即停止使用。', '多款包装随机发！请放心购买！', 0, 0, '2019-08-05 08:13:54', 27, 9, 100);
INSERT INTO `commodity` VALUES (115, '雅诗兰黛赋活原生液精华面膜1片', 9.9, 'http://p2.jmstatic.com/product/004/941/4941032_std/4941032_350_350.jpg', '[{\"tag_id\": 1, \"tag_name\": \"保湿\"}, {\"tag_id\": 3, \"tag_name\": \"补水\"}]', '702018636', '美国（具体产地以收到实物为准）', '因个人肤质不同，如有不适请立即停止使用。', '', 0, 0, '2019-08-05 08:13:54', 29, 1, 100);
INSERT INTO `commodity` VALUES (116, 'SPC蛇毒提拉紧致面膜50片', 9.9, 'http://p1.jmstatic.com/product/003/963/3963266_std/3963266_350_350.jpg', '[{\"tag_id\": 1, \"tag_name\": \"保湿\"}, {\"tag_id\": 3, \"tag_name\": \"补水\"}, {\"tag_id\": 4, \"tag_name\": \"滋润\"}]', '7011213644', NULL, '因个人肤质不同，如有不适请立即停止使用。', '因个人肤质不同，如有不适请立即停止使用', 0, 0, '2019-08-05 08:13:54', 26, 7, 100);
INSERT INTO `commodity` VALUES (117, 'JM水光针剂急救面膜10片 2盒', 9.9, 'http://p1.jmstatic.com/product/004/963/4963816_std/4963816_350_350.jpg', '[{\"tag_id\": 1, \"tag_name\": \"保湿\"}, {\"tag_id\": 3, \"tag_name\": \"补水\"}, {\"tag_id\": 27, \"tag_name\": \"修饰\"}]', '7011212761', NULL, '因个人肤质不同，如有不适请立即停止使用。', '本产品为全新正装，请放心购买', 0, 0, '2019-08-05 08:13:55', 5, 1, 100);
INSERT INTO `commodity` VALUES (118, '春雨玫瑰黄金蜂王浆补水面膜5片', 9.9, 'http://p4.jmstatic.com/product/004/901/4901934_std/4901934_350_350.jpg', '[{\"tag_id\": 1, \"tag_name\": \"保湿\"}, {\"tag_id\": 9, \"tag_name\": \"修护肌肤\"}, {\"tag_id\": 3, \"tag_name\": \"补水\"}, {\"tag_id\": 4, \"tag_name\": \"滋润\"}]', '702026040', '韩国（具体产地以收到实物为准）', '因个人肤质不同，如有不适请立即停止使用。', '', 0, 0, '2019-08-05 08:13:55', 17, 1, 100);
INSERT INTO `commodity` VALUES (119, 'sum37水分水乳霜滋润保湿套装', 9.9, 'http://p2.jmstatic.com/product/004/960/4960322_std/4960322_350_350.jpg', '[{\"tag_id\": 1, \"tag_name\": \"保湿\"}, {\"tag_id\": 3, \"tag_name\": \"补水\"}, {\"tag_id\": 4, \"tag_name\": \"滋润\"}]', '7011198187', NULL, '因个人肤质不同，如有不适请立即停止使用。', '除正装外其余盒内产品均为赠品，每批产品出厂时赠品均不一样，介意者慎购。', 0, 0, '2019-08-05 08:13:55', 54, 2, 100);
INSERT INTO `commodity` VALUES (120, '肌美精保湿渗透面膜黑色4片', 9.9, 'http://p2.jmstatic.com/product/004/906/4906962_std/4906962_350_350.jpg', '[{\"tag_id\": 1, \"tag_name\": \"保湿\"}, {\"tag_id\": 3, \"tag_name\": \"补水\"}, {\"tag_id\": 4, \"tag_name\": \"滋润\"}]', '7011212660', NULL, '因个人肤质不同，如有不适请立即停止使用。', '因个人肤质不同，如有不适请立即停止使用', 0, 0, '2019-08-05 08:13:55', 8, 7, 100);
INSERT INTO `commodity` VALUES (121, '可可脂妊娠纹按摩乳液250ml', 9.9, 'http://p0.jmstatic.com/product/004/909/4909450_std/4909450_350_350.jpg', '[{\"tag_id\": 1, \"tag_name\": \"保湿\"}, {\"tag_id\": 4, \"tag_name\": \"滋润\"}, {\"tag_id\": 10, \"tag_name\": \"修护\"}]', '701618431', NULL, '', '新老包装随机发货，打开后6个月内用完 订单购买人与支付单支付人名字和身份证请务必一致。', 0, 0, '2019-08-05 08:13:55', 55, 16, 100);
INSERT INTO `commodity` VALUES (122, '【“人皮面膜”补水大法】梦蜗胶原提拉面膜2盒+ 按摩器', 9.9, 'http://p0.jmstatic.com/product/004/962/4962770_std/4962770_350_350.jpg', '[{\"tag_id\": 1, \"tag_name\": \"保湿\"}, {\"tag_id\": 9, \"tag_name\": \"修护肌肤\"}, {\"tag_id\": 3, \"tag_name\": \"补水\"}, {\"tag_id\": 4, \"tag_name\": \"滋润\"}]', '702029899', '韩国（具体产地以收到实物为准）', '因个人肤质不同，如有不适请立即停止使用。', '', 0, 0, '2019-08-05 08:13:56', 13, 1, 100);
INSERT INTO `commodity` VALUES (123, 'It\'s skin伊思红参蜗牛霜60ml', 9.9, 'http://p3.jmstatic.com/product/004/132/4132758_std/4132758_350_350.jpg', '[{\"tag_id\": 8, \"tag_name\": \"紧致\"}, {\"tag_id\": 1, \"tag_name\": \"保湿\"}, {\"tag_id\": 4, \"tag_name\": \"滋润\"}, {\"tag_id\": 13, \"tag_name\": \"抗皱\"}, {\"tag_id\": 5, \"tag_name\": \"舒缓\"}, {\"tag_id\": 17, \"tag_name\": \"嫩肤\"}]', '702000026', '韩国（具体产地以收到实物为准）', '因个人肤质不同，如有不适请立即停止使用。', '', 0, 0, '2019-08-05 08:13:56', 19, 3, 100);
INSERT INTO `commodity` VALUES (124, 'A by BOM 夜间修复面膜5片', 9.9, 'http://p3.jmstatic.com/product/003/827/3827988_std/3827988_350_350.jpg', '[{\"tag_id\": 1, \"tag_name\": \"保湿\"}, {\"tag_id\": 9, \"tag_name\": \"修护肌肤\"}, {\"tag_id\": 3, \"tag_name\": \"补水\"}, {\"tag_id\": 4, \"tag_name\": \"滋润\"}, {\"tag_id\": 10, \"tag_name\": \"修护\"}]', '702029581', '韩国（具体产地以收到实物为准）', '因个人肤质不同，如有不适请立即停止使用。', '', 0, 0, '2019-08-05 08:13:56', 7, 1, 100);
INSERT INTO `commodity` VALUES (125, 'AHC高浓缩B5玻尿酸睡眠面膜100ml', 9.9, 'http://p0.jmstatic.com/product/004/910/4910550_std/4910550_350_350.jpg', '[{\"tag_id\": 1, \"tag_name\": \"保湿\"}, {\"tag_id\": 3, \"tag_name\": \"补水\"}, {\"tag_id\": 4, \"tag_name\": \"滋润\"}]', '702023803', '韩国（具体产地以收到实物为准）', '因个人肤质不同，如有不适请立即停止使用。', '新老包装随机发！请放心购买！', 0, 0, '2019-08-05 08:13:56', 2, 9, 100);
INSERT INTO `commodity` VALUES (126, 'Abib口香糖面膜30ml*10片', 9.9, 'http://p2.jmstatic.com/product/004/958/4958162_std/4958162_350_350.jpg', '[{\"tag_id\": 1, \"tag_name\": \"保湿\"}, {\"tag_id\": 4, \"tag_name\": \"滋润\"}, {\"tag_id\": 10, \"tag_name\": \"修护\"}, {\"tag_id\": 5, \"tag_name\": \"舒缓\"}]', '702031531', '韩国（具体产地以收到产品为准）', '因个人肤质不同，如有不适请立即停止使用。', '', 0, 0, '2019-08-05 08:13:56', 56, 1, 100);
INSERT INTO `commodity` VALUES (127, '【澳洲直邮】BM VE面霜', 9.9, 'http://p1.jmstatic.com/product/004/941/4941066_std/4941066_350_350.jpg', '[{\"tag_id\": 1, \"tag_name\": \"保湿\"}, {\"tag_id\": 4, \"tag_name\": \"滋润\"}]', '7011196874', NULL, '因个人肤质不同，如有不适请立即停止使用。', '过敏皮肤者请先在耳后试用。\r\n此产品不能替代药品，产品包装以收到实物为准。', 0, 0, '2019-08-05 08:13:57', 57, 3, 100);
INSERT INTO `commodity` VALUES (128, 'SKII 护肤精华露75ml', 9.9, 'http://p3.jmstatic.com/product/002/479/2479273_std/2479273_350_350.jpg', '[{\"tag_id\": 8, \"tag_name\": \"紧致\"}, {\"tag_id\": 1, \"tag_name\": \"保湿\"}, {\"tag_id\": 2, \"tag_name\": \"美白\"}, {\"tag_id\": 3, \"tag_name\": \"补水\"}]', '702002240', '日本（具体产地以收到实物为准）', '因个人肤质不同，如有不适请立即停止使用。', '多款包装随机发货，请放心购买！', 0, 0, '2019-08-05 08:13:57', 31, 8, 100);
INSERT INTO `commodity` VALUES (129, '资生堂悦薇颈霜75g', 9.9, 'http://p1.jmstatic.com/product/004/268/4268686_std/4268686_350_350.jpg', '[{\"tag_id\": 1, \"tag_name\": \"保湿\"}, {\"tag_id\": 13, \"tag_name\": \"抗皱\"}]', '702026123', '日本（具体产地以收到实物为准）', '因个人肤质不同，如有不适请立即停止使用。', '多款包装随机发，请放心购买~', 0, 0, '2019-08-05 08:13:57', 21, 17, 100);
INSERT INTO `commodity` VALUES (130, 'JAYJUN黑色水光橙三部曲面膜10片', 9.9, 'http://p3.jmstatic.com/product/004/226/4226878_std/4226878_350_350.jpg', '[{\"tag_id\": 1, \"tag_name\": \"保湿\"}, {\"tag_id\": 3, \"tag_name\": \"补水\"}, {\"tag_id\": 4, \"tag_name\": \"滋润\"}]', '7011194086', NULL, '因个人肤质不同，如有不适请立即停止使用。', '因个人肤质不同，敏感肌请先测试，如有不适请立即停止使用', 0, 0, '2019-08-05 08:13:57', 58, 1, 100);
INSERT INTO `commodity` VALUES (131, '韩国LANEIGE兰芝睡眠面膜小样', 9.9, 'http://p2.jmstatic.com/product/004/374/4374732_std/4374732_350_350.jpg', '[{\"tag_id\": 1, \"tag_name\": \"保湿\"}, {\"tag_id\": 3, \"tag_name\": \"补水\"}, {\"tag_id\": 4, \"tag_name\": \"滋润\"}, {\"tag_id\": 10, \"tag_name\": \"修护\"}]', '7011223354', NULL, '因个人肤质不同，如有不适请立即停止使用。', '滋养肌肤  紧致肌肤', 0, 0, '2019-08-05 08:13:57', 23, 9, 100);
INSERT INTO `commodity` VALUES (132, '【澳洲直邮】进口Sukin三件套', 9.9, 'http://p3.jmstatic.com/product/004/941/4941888_std/4941888_350_350.jpg', '[{\"tag_id\": 1, \"tag_name\": \"保湿\"}, {\"tag_id\": 4, \"tag_name\": \"滋润\"}]', '7011200140', NULL, '因个人肤质不同，如有不适请立即停止使用。', '请先在耳根后试用，产品包装以收到实物为准。', 0, 0, '2019-08-05 08:13:58', 59, 2, 100);
INSERT INTO `commodity` VALUES (133, 'style nara马油睡眠面膜100ml', 9.9, 'http://p3.jmstatic.com/product/004/960/4960298_std/4960298_350_350.jpg', '[{\"tag_id\": 1, \"tag_name\": \"保湿\"}, {\"tag_id\": 9, \"tag_name\": \"修护肌肤\"}]', '702022973', '韩国', '因个人肤质不同，如有不适请立即停止使用。', '', 0, 0, '2019-08-05 08:13:58', 60, 9, 100);
INSERT INTO `commodity` VALUES (134, '馥蕾诗 玫瑰保湿面膜  100ml', 9.9, 'http://p4.jmstatic.com/product/004/038/4038854_std/4038854_350_350.jpg', NULL, '7011214727', NULL, '因个人肤质不同，如有不适请立即停止使用。', '新老两款包装随机发货。', 0, 0, '2019-08-05 08:13:58', 61, 9, 100);
INSERT INTO `commodity` VALUES (135, '蒂佳婷绿色药丸舒缓面膜5片*2盒', 9.9, 'http://p2.jmstatic.com/product/004/577/4577162_std/4577162_350_350.jpg', '[{\"tag_id\": 1, \"tag_name\": \"保湿\"}, {\"tag_id\": 3, \"tag_name\": \"补水\"}, {\"tag_id\": 4, \"tag_name\": \"滋润\"}]', '7011225605', NULL, '因个人肤质不同，如有不适请立即停止使用。', '因个人肤质不同，如有不适请立即停止使用！', 0, 0, '2019-08-05 08:13:58', 16, 1, 100);
INSERT INTO `commodity` VALUES (136, 'RAY银色蚕丝面膜20片', 9.9, 'http://p1.jmstatic.com/product/004/936/4936976_std/4936976_350_350.jpg', '[{\"tag_id\": 1, \"tag_name\": \"保湿\"}, {\"tag_id\": 3, \"tag_name\": \"补水\"}, {\"tag_id\": 4, \"tag_name\": \"滋润\"}]', '702031280', '泰国（具体产地以收到实物为准）', '因个人肤质不同，如有不适请立即停止使用。', '多款包装随机发！请放心购买！', 0, 0, '2019-08-05 08:13:58', 42, 7, 100);
INSERT INTO `commodity` VALUES (137, '【韩国版】兰芝水酷三件套小样', 9.9, 'http://p2.jmstatic.com/product/004/941/4941072_std/4941072_350_350.jpg', '[{\"tag_id\": 1, \"tag_name\": \"保湿\"}, {\"tag_id\": 3, \"tag_name\": \"补水\"}, {\"tag_id\": 4, \"tag_name\": \"滋润\"}]', '702031592', '韩国（具体生产地以收到的实物为准）', '因个人肤质不同，如有不适请立即停止使用。', '', 0, 0, '2019-08-05 08:13:58', 23, 2, 100);
INSERT INTO `commodity` VALUES (138, '后津率享红华凝香水乳霜套盒', 9.9, 'http://p2.jmstatic.com/product/004/963/4963832_std/4963832_350_350.jpg', '[{\"tag_id\": 1, \"tag_name\": \"保湿\"}, {\"tag_id\": 2, \"tag_name\": \"美白\"}, {\"tag_id\": 4, \"tag_name\": \"滋润\"}, {\"tag_id\": 13, \"tag_name\": \"抗皱\"}]', '7011197456', NULL, '因个人肤质不同，如有不适请立即停止使用。', '除水、乳和霜之外其余盒内产品为赠品，每批产品出厂时赠品均不一样，介意者慎购。', 0, 0, '2019-08-05 08:13:58', 30, 2, 100);
INSERT INTO `commodity` VALUES (139, 'AHC B5二代玻尿酸面霜', 9.9, 'http://p1.jmstatic.com/product/003/907/3907506_std/3907506_350_350.jpg', '[{\"tag_id\": 1, \"tag_name\": \"保湿\"}, {\"tag_id\": 4, \"tag_name\": \"滋润\"}]', '7011204415', NULL, '因个人肤质不同，如有不适请立即停止使用。', '新老两款包装随机发货', 0, 0, '2019-08-05 08:13:59', 32, 3, 100);
INSERT INTO `commodity` VALUES (140, '【给肌肤日夜双重呵护】雅诗兰黛红石榴日/晚霜组合装', 9.9, 'http://p1.jmstatic.com/product/004/184/4184936_std/4184936_350_350.jpg', '[{\"tag_id\": 1, \"tag_name\": \"保湿\"}, {\"tag_id\": 9, \"tag_name\": \"修护肌肤\"}, {\"tag_id\": 4, \"tag_name\": \"滋润\"}, {\"tag_id\": 13, \"tag_name\": \"抗皱\"}, {\"tag_id\": 28, \"tag_name\": \"抗衰老\"}]', '702002110', '美国（具体产地以收到实物为准）', '因个人肤质不同，如有不适请立即停止使用。', '新老包装随机发！请放心购买！', 0, 0, '2019-08-05 08:13:59', 29, 2, 100);
INSERT INTO `commodity` VALUES (141, '日本早安白色水果懒人面膜28枚', 9.9, 'http://p3.jmstatic.com/product/004/455/4455988_std/4455988_350_350.jpg', '[{\"tag_id\": 1, \"tag_name\": \"保湿\"}, {\"tag_id\": 3, \"tag_name\": \"补水\"}, {\"tag_id\": 4, \"tag_name\": \"滋润\"}]', '7011211126', NULL, '因个人肤质不同，如有不适请立即停止使用。', '因个人肤质不同，如有不适请立即停止使用', 0, 0, '2019-08-05 08:13:59', 36, 7, 100);
INSERT INTO `commodity` VALUES (142, 'JMsolution 补水美白面膜套装', 9.9, 'http://p2.jmstatic.com/product/004/924/4924562_std/4924562_350_350.jpg', '[{\"tag_id\": 1, \"tag_name\": \"保湿\"}, {\"tag_id\": 2, \"tag_name\": \"美白\"}, {\"tag_id\": 3, \"tag_name\": \"补水\"}, {\"tag_id\": 4, \"tag_name\": \"滋润\"}]', '7011223139', NULL, '因个人肤质不同，如有不适请立即停止使用。', '本产品为全新正装，请放心购买', 0, 0, '2019-08-05 08:13:59', 5, 1, 100);
INSERT INTO `commodity` VALUES (143, 'JM 水光蜂蜜补水面膜 10片', 9.9, 'http://p1.jmstatic.com/product/004/920/4920226_std/4920226_350_350.jpg', '[{\"tag_id\": 1, \"tag_name\": \"保湿\"}, {\"tag_id\": 3, \"tag_name\": \"补水\"}, {\"tag_id\": 4, \"tag_name\": \"滋润\"}, {\"tag_id\": 10, \"tag_name\": \"修护\"}]', '7011223405', NULL, '因个人肤质不同，如有不适请立即停止使用。', '因个人肤质不同，如有不适请立即停止适用！', 0, 0, '2019-08-05 08:13:59', 5, 1, 100);
INSERT INTO `commodity` VALUES (144, 'AHC高浓缩B5玻尿酸爽肤水120ml', 9.9, 'http://p2.jmstatic.com/product/004/958/4958142_std/4958142_350_350.jpg', '[{\"tag_id\": 1, \"tag_name\": \"保湿\"}, {\"tag_id\": 9, \"tag_name\": \"修护肌肤\"}, {\"tag_id\": 3, \"tag_name\": \"补水\"}, {\"tag_id\": 4, \"tag_name\": \"滋润\"}, {\"tag_id\": 10, \"tag_name\": \"修护\"}]', '702023801', '韩国（具体产地以收到实物为准）', '因个人肤质不同，如有不适请立即停止使用。', '多款包装随机发货，请放心购买！', 0, 0, '2019-08-05 08:14:00', 2, 8, 100);
INSERT INTO `commodity` VALUES (145, 'AHC B5玻尿酸爽肤水神仙水100ml', 9.9, 'http://p3.jmstatic.com/product/004/478/4478508_std/4478508_350_350.jpg', '[{\"tag_id\": 1, \"tag_name\": \"保湿\"}, {\"tag_id\": 3, \"tag_name\": \"补水\"}, {\"tag_id\": 19, \"tag_name\": \"控油\"}]', '7011212769', NULL, '因个人肤质不同，如有不适请立即停止使用。', '因个人肤质不同，如有不适请立即停止使用。', 0, 0, '2019-08-05 08:14:00', 2, 8, 100);
INSERT INTO `commodity` VALUES (146, '城野医生孔对策护肤2件套', 9.9, 'http://p0.jmstatic.com/product/004/941/4941070_std/4941070_350_350.jpg', '[{\"tag_id\": 14, \"tag_name\": \"清洁\"}, {\"tag_id\": 1, \"tag_name\": \"保湿\"}, {\"tag_id\": 3, \"tag_name\": \"补水\"}, {\"tag_id\": 11, \"tag_name\": \"收敛毛孔\"}, {\"tag_id\": 29, \"tag_name\": \"去黑头\"}, {\"tag_id\": 30, \"tag_name\": \"缩小毛孔\"}]', '702030001', '日本（具体产地以收到实物为准）', '因个人肤质不同，如有不适请立即停止使用。', '', 0, 0, '2019-08-05 08:14:00', 62, 2, 100);
INSERT INTO `commodity` VALUES (147, 'su:m37水分水乳霜滋润保湿三件套', 9.9, 'http://p0.jmstatic.com/product/004/920/4920230_std/4920230_350_350.jpg', '[{\"tag_id\": 1, \"tag_name\": \"保湿\"}, {\"tag_id\": 3, \"tag_name\": \"补水\"}, {\"tag_id\": 4, \"tag_name\": \"滋润\"}]', '702018277', '韩国（具体产地以收到实物为准）', '因个人肤质不同，如有不适请立即停止使用。', '除正装外其余盒内产品均为赠品，每批产品出厂时赠品均不一样，介意者慎购。', 0, 0, '2019-08-05 08:14:00', 54, 2, 100);
INSERT INTO `commodity` VALUES (148, 'Dr.Jart+蒂佳婷泡泡黑面膜5片/盒', 9.9, 'http://p4.jmstatic.com/product/003/980/3980124_std/3980124_350_350.jpg', '[{\"tag_id\": 1, \"tag_name\": \"保湿\"}, {\"tag_id\": 3, \"tag_name\": \"补水\"}, {\"tag_id\": 4, \"tag_name\": \"滋润\"}]', '7011224825', NULL, '因个人肤质不同，如有不适请立即停止使用。', '因个人肤质不同，如有不适请立即停止使用！', 0, 0, '2019-08-05 08:14:00', 16, 1, 100);
INSERT INTO `commodity` VALUES (149, 'JM水光针剂急救面膜10片', 9.9, 'http://p4.jmstatic.com/product/004/941/4941884_std/4941884_350_350.jpg', '[{\"tag_id\": 1, \"tag_name\": \"保湿\"}, {\"tag_id\": 3, \"tag_name\": \"补水\"}]', '7011223404', NULL, '因个人肤质不同，如有不适请立即停止使用。', '因个人肤质不同，如有不适请立即停止适用！', 0, 0, '2019-08-05 08:14:01', 5, 1, 100);
INSERT INTO `commodity` VALUES (150, '无印良品敏感肌肤乳液400ml', 9.9, 'http://p4.jmstatic.com/product/002/742/2742714_std/2742714_350_350.jpg', '[{\"tag_id\": 8, \"tag_name\": \"紧致\"}, {\"tag_id\": 1, \"tag_name\": \"保湿\"}, {\"tag_id\": 3, \"tag_name\": \"补水\"}, {\"tag_id\": 4, \"tag_name\": \"滋润\"}, {\"tag_id\": 11, \"tag_name\": \"收敛毛孔\"}]', '702017698', '日本（具体产地以收到实物为准）', '因个人肤质不同，如有不适请立即停止使用。', '多款包装随机发！请放心购买！', 0, 0, '2019-08-05 08:14:01', 10, 5, 100);
INSERT INTO `commodity` VALUES (151, '伊诗露 樱花精华保湿化妆水500ml', 9.9, 'http://p0.jmstatic.com/product/001/329/1329230_std/1329230_350_350.jpg', '[{\"tag_id\": 12, \"tag_name\": \"均匀肤色\"}, {\"tag_id\": 1, \"tag_name\": \"保湿\"}, {\"tag_id\": 3, \"tag_name\": \"补水\"}, {\"tag_id\": 4, \"tag_name\": \"滋润\"}, {\"tag_id\": 17, \"tag_name\": \"嫩肤\"}]', '7011209586', NULL, '因个人肤质不同，如有不适请立即停止使用。', '因彩妆护肤品属个人私物，退换货不能二次销售，不支持7天无理由退换货。\r\n本产品适宜存放在阴凉，干燥处，请尽量避免阳光直射。', 0, 0, '2019-08-05 08:14:01', 15, 8, 100);
INSERT INTO `commodity` VALUES (152, '科颜氏金盏花植物爽肤水500ml', 9.9, 'http://p2.jmstatic.com/product/004/938/4938782_std/4938782_350_350.jpg', '[{\"tag_id\": 31, \"tag_name\": \"祛痘\"}, {\"tag_id\": 1, \"tag_name\": \"保湿\"}, {\"tag_id\": 3, \"tag_name\": \"补水\"}, {\"tag_id\": 4, \"tag_name\": \"滋润\"}]', '702000059', '美国（具体产地以收到实物为准）', '因个人肤质不同，如有不适请立即停止使用。', '', 0, 0, '2019-08-05 08:14:01', 9, 8, 100);
INSERT INTO `commodity` VALUES (153, '【澳洲直邮】香蕉船儿童防晒75ml', 9.9, 'http://p1.jmstatic.com/product/004/404/4404186_std/4404186_350_350.jpg', '[{\"tag_id\": 1, \"tag_name\": \"保湿\"}, {\"tag_id\": 24, \"tag_name\": \"防晒\"}]', '7011196866', NULL, '', '建议使用前取少量在宝宝耳后根试用\r\n无塑封，产品包装以收到实物为准', 0, 0, '2019-08-05 08:14:01', 48, 14, 100);
INSERT INTO `commodity` VALUES (154, '伊诗露 樱桃精华保湿乳液250ml', 9.9, 'http://p4.jmstatic.com/product/004/344/4344064_std/4344064_350_350.jpg', '[{\"tag_id\": 1, \"tag_name\": \"保湿\"}, {\"tag_id\": 3, \"tag_name\": \"补水\"}, {\"tag_id\": 4, \"tag_name\": \"滋润\"}, {\"tag_id\": 5, \"tag_name\": \"舒缓\"}]', '7011209588', NULL, '因个人肤质不同，如有不适请立即停止使用。', '因彩妆护肤品属个人私物，退换货不能二次销售，不支持7天无理由退换货。\r\n本产品适宜存放在阴凉，干燥处，请尽量避免阳光直射。', 0, 0, '2019-08-05 08:14:02', 15, 5, 100);
INSERT INTO `commodity` VALUES (155, 'MINMIS玻尿酸保湿面膜 35g*10片', 9.9, 'http://p4.jmstatic.com/product/004/958/4958154_std/4958154_350_350.jpg', '[{\"tag_id\": 1, \"tag_name\": \"保湿\"}, {\"tag_id\": 3, \"tag_name\": \"补水\"}, {\"tag_id\": 4, \"tag_name\": \"滋润\"}]', '702032106', '泰国（具体产地以收到实物为准）', '因个人肤质不同，如有不适请立即停止使用。', '', 0, 0, '2019-08-05 08:14:02', 63, 1, 100);
INSERT INTO `commodity` VALUES (156, 'ELIXIR优悦活颜补水啫喱面膜105g', 9.9, 'http://p1.jmstatic.com/product/004/963/4963846_std/4963846_350_350.jpg', '[{\"tag_id\": 1, \"tag_name\": \"保湿\"}, {\"tag_id\": 3, \"tag_name\": \"补水\"}, {\"tag_id\": 4, \"tag_name\": \"滋润\"}, {\"tag_id\": 10, \"tag_name\": \"修护\"}]', '702029364', '日本（具体产地以收到实物为准）', '因个人肤质不同，如有不适请立即停止使用。', '', 0, 0, '2019-08-05 08:14:02', 21, 9, 100);
INSERT INTO `commodity` VALUES (157, '安娜贝拉海藻面膜10片*3盒', 9.9, 'http://p0.jmstatic.com/product/003/210/3210995_std/3210995_350_350.jpg', '[{\"tag_id\": 1, \"tag_name\": \"保湿\"}, {\"tag_id\": 3, \"tag_name\": \"补水\"}, {\"tag_id\": 4, \"tag_name\": \"滋润\"}]', '702031851', '泰国（具体产地以收到实物为准）', '因个人肤质不同，如有不适请立即停止使用。', '', 0, 0, '2019-08-05 08:14:02', 34, 1, 100);
INSERT INTO `commodity` VALUES (158, '蝶翠诗橄榄护唇膏1.5g*3支', 9.9, 'http://p2.jmstatic.com/product/004/944/4944002_std/4944002_350_350.jpg', '[{\"tag_id\": 1, \"tag_name\": \"保湿\"}, {\"tag_id\": 4, \"tag_name\": \"滋润\"}, {\"tag_id\": 18, \"tag_name\": \"润唇\"}]', '702031249', '日本（具体产地以收到实物为准）', '因个人肤质不同，如有不适请立即停止使用。', '多款包装随机发！请放心购买！', 0, 0, '2019-08-05 08:14:02', 64, 2, 100);
INSERT INTO `commodity` VALUES (159, '理肤泉B5多效修护霜40ml', 9.9, 'http://p4.jmstatic.com/product/004/901/4901984_std/4901984_350_350.jpg', '[{\"tag_id\": 1, \"tag_name\": \"保湿\"}, {\"tag_id\": 9, \"tag_name\": \"修护肌肤\"}, {\"tag_id\": 3, \"tag_name\": \"补水\"}, {\"tag_id\": 4, \"tag_name\": \"滋润\"}, {\"tag_id\": 5, \"tag_name\": \"舒缓\"}]', '702029861', '法国（具体产地以收到产品为准）', '因个人肤质不同，如有不适请立即停止使用。', '', 0, 0, '2019-08-05 08:14:03', 6, 5, 100);
INSERT INTO `commodity` VALUES (160, 'Saborino60秒懒人免洗面膜32片', 9.9, 'http://p0.jmstatic.com/product/004/958/4958660_std/4958660_350_350.jpg', '[{\"tag_id\": 1, \"tag_name\": \"保湿\"}, {\"tag_id\": 3, \"tag_name\": \"补水\"}, {\"tag_id\": 5, \"tag_name\": \"舒缓\"}]', '702028129', '日本（具体产地以收到实物为准）', '因个人肤质不同，如有不适请立即停止使用。', '', 0, 0, '2019-08-05 08:14:03', 20, 1, 100);
INSERT INTO `commodity` VALUES (161, '雪花秀玉容撕拉型面膜150ml', 9.9, 'http://p2.jmstatic.com/product/002/598/2598212_std/2598212_350_350.jpg', '[{\"tag_id\": 14, \"tag_name\": \"清洁\"}, {\"tag_id\": 1, \"tag_name\": \"保湿\"}, {\"tag_id\": 11, \"tag_name\": \"收敛毛孔\"}, {\"tag_id\": 10, \"tag_name\": \"修护\"}, {\"tag_id\": 32, \"tag_name\": \"净肤\"}]', '702002621', '韩国（具体产地以收到实物为准）', '因个人肤质不同，如有不适请立即停止使用。', '多款包装随机发！请放心购买！', 0, 0, '2019-08-05 08:14:03', 27, 4, 100);
INSERT INTO `commodity` VALUES (162, '科颜氏 高保湿清爽面霜', 9.9, 'http://p0.jmstatic.com/product/000/818/818500_std/818500_350_350.jpg', NULL, '7011206319', NULL, '因个人肤质不同，如有不适请立即停止使用。', '新老两款包装随机发货。', 0, 0, '2019-08-05 08:14:03', 50, 3, 100);
INSERT INTO `commodity` VALUES (163, '珂润润浸保湿面霜2瓶套装40g*2', 9.9, 'http://p3.jmstatic.com/product/004/899/4899848_std/4899848_350_350.jpg', '[{\"tag_id\": 1, \"tag_name\": \"保湿\"}, {\"tag_id\": 3, \"tag_name\": \"补水\"}, {\"tag_id\": 4, \"tag_name\": \"滋润\"}]', '702031550', '日本（具体产地以收到实物为准）', '因个人肤质不同，如有不适请立即停止使用。', '', 0, 0, '2019-08-05 08:14:03', 25, 3, 100);
INSERT INTO `commodity` VALUES (164, 'DHC橄榄护唇膏家庭装 1.5g*4', 9.9, 'http://p1.jmstatic.com/product/004/397/4397756_std/4397756_350_350.jpg', '[{\"tag_id\": 1, \"tag_name\": \"保湿\"}, {\"tag_id\": 4, \"tag_name\": \"滋润\"}, {\"tag_id\": 18, \"tag_name\": \"润唇\"}]', '702031250', '日本（具体产地以收到实物为准）', '因个人肤质不同，如有不适请立即停止使用。', '多款包装随机发！请放心购买！', 0, 0, '2019-08-05 08:14:03', 64, 2, 100);
INSERT INTO `commodity` VALUES (165, 'JMsolution急救玻尿酸水乳套装', 9.9, 'http://p1.jmstatic.com/product/002/742/2742716_std/2742716_350_350.jpg', '[{\"tag_id\": 1, \"tag_name\": \"保湿\"}, {\"tag_id\": 2, \"tag_name\": \"美白\"}, {\"tag_id\": 3, \"tag_name\": \"补水\"}, {\"tag_id\": 11, \"tag_name\": \"收敛毛孔\"}]', '7011198301', NULL, '因个人肤质不同，如有不适请立即停止使用。', '本产品为全新正装，请放心购买', 0, 0, '2019-08-05 08:14:04', 5, 2, 100);
INSERT INTO `commodity` VALUES (166, '兰芝水衡透润保湿套装滋润款', 9.9, 'http://p3.jmstatic.com/product/003/881/3881778_std/3881778_350_350.jpg', '[{\"tag_id\": 1, \"tag_name\": \"保湿\"}, {\"tag_id\": 9, \"tag_name\": \"修护肌肤\"}, {\"tag_id\": 3, \"tag_name\": \"补水\"}, {\"tag_id\": 4, \"tag_name\": \"滋润\"}]', '7011198178', NULL, '因个人肤质不同，如有不适请立即停止使用。', '除水乳之外其余小样随机发送，介意者慎购！', 0, 0, '2019-08-05 08:14:04', 23, 2, 100);
INSERT INTO `commodity` VALUES (167, '泰国 ATREUS VC甜橙乳液', 9.9, 'http://p0.jmstatic.com/product/003/775/3775430_std/3775430_350_350.jpg', '[{\"tag_id\": 1, \"tag_name\": \"保湿\"}, {\"tag_id\": 4, \"tag_name\": \"滋润\"}]', '702032951', '泰国（具体产地以收到实物为准）', '因个人肤质不同，如有不适请立即停止使用。', '', 0, 0, '2019-08-05 08:14:04', 65, 5, 100);
INSERT INTO `commodity` VALUES (168, 'JMsolution积雪草面膜 5片/盒', 9.9, 'http://p2.jmstatic.com/product/004/915/4915582_std/4915582_350_350.jpg', '[{\"tag_id\": 1, \"tag_name\": \"保湿\"}, {\"tag_id\": 9, \"tag_name\": \"修护肌肤\"}, {\"tag_id\": 3, \"tag_name\": \"补水\"}]', '7011200620', NULL, '因个人肤质不同，如有不适请立即停止使用。', '本产品为全新正品，请放心购买！', 0, 0, '2019-08-05 08:14:04', 5, 1, 100);
INSERT INTO `commodity` VALUES (169, '倩碧卓越润肤高保湿精华护理套装', 9.9, 'http://p2.jmstatic.com/product/004/941/4941032_std/4941032_350_350.jpg', '[{\"tag_id\": 1, \"tag_name\": \"保湿\"}, {\"tag_id\": 4, \"tag_name\": \"滋润\"}]', '702031834', '美国（具体产地以收到实物为准）', '因个人肤质不同，如有不适请立即停止使用。', '', 0, 0, '2019-08-05 08:14:04', 44, 2, 100);
INSERT INTO `commodity` VALUES (170, '石泽研究所收敛保湿大米面膜20片', 9.9, 'http://p1.jmstatic.com/product/003/963/3963266_std/3963266_350_350.jpg', '[{\"tag_id\": 1, \"tag_name\": \"保湿\"}, {\"tag_id\": 3, \"tag_name\": \"补水\"}, {\"tag_id\": 11, \"tag_name\": \"收敛毛孔\"}]', '702031746', NULL, '因个人肤质不同，如有不适请立即停止使用。', '', 0, 0, '2019-08-05 08:14:05', 66, 1, 100);
INSERT INTO `commodity` VALUES (171, '德妃紫苏水乳祛痘舒缓补水200ml', 9.9, 'http://p1.jmstatic.com/product/003/946/3946626_std/3946626_350_350.jpg', '[{\"tag_id\": 1, \"tag_name\": \"保湿\"}, {\"tag_id\": 3, \"tag_name\": \"补水\"}, {\"tag_id\": 19, \"tag_name\": \"控油\"}]', '7011225046', NULL, '因个人肤质不同，如有不适请立即停止使用。', '因个人肤质不同，如有不适请立即停止使用！', 0, 0, '2019-08-05 08:14:05', 53, 8, 100);
INSERT INTO `commodity` VALUES (172, '伊诗露 芦荟控油保湿化妆水500ml', 9.9, 'http://p2.jmstatic.com/product/001/416/1416542_std/1416542_350_350.jpg', '[{\"tag_id\": 31, \"tag_name\": \"祛痘\"}, {\"tag_id\": 1, \"tag_name\": \"保湿\"}, {\"tag_id\": 3, \"tag_name\": \"补水\"}, {\"tag_id\": 4, \"tag_name\": \"滋润\"}, {\"tag_id\": 16, \"tag_name\": \"清爽\"}]', '7011209585', NULL, '因个人肤质不同，如有不适请立即停止使用。', '因彩妆护肤品属个人私物，退换货不能二次销售，不支持7天无理由退换货。\r\n本产品适宜存放在阴凉，干燥处，请尽量避免阳光直射。', 0, 0, '2019-08-05 08:14:05', 15, 8, 100);
INSERT INTO `commodity` VALUES (173, 'SKII护肤精华露限量版 230ml', 9.9, 'http://p2.jmstatic.com/product/003/365/3365132_std/3365132_350_350.jpg', '[{\"tag_id\": 1, \"tag_name\": \"保湿\"}, {\"tag_id\": 9, \"tag_name\": \"修护肌肤\"}, {\"tag_id\": 3, \"tag_name\": \"补水\"}, {\"tag_id\": 4, \"tag_name\": \"滋润\"}]', '702033520', '日本（具体产地以收到实物为准）', '因个人肤质不同，如有不适请立即停止使用。', '', 0, 0, '2019-08-05 08:14:05', 31, 8, 100);
INSERT INTO `commodity` VALUES (174, 'MINON保湿化妆水2号150ml', 9.9, 'http://p3.jmstatic.com/product/001/293/1293263_std/1293263_350_350.jpg', '[{\"tag_id\": 1, \"tag_name\": \"保湿\"}, {\"tag_id\": 3, \"tag_name\": \"补水\"}]', '702017311', '日本（具体产地以收到实物为准）', '因个人肤质不同，如有不适请立即停止使用。', '', 0, 0, '2019-08-05 08:14:05', 67, 8, 100);
INSERT INTO `commodity` VALUES (175, '科颜氏高保湿面霜125ml', 9.9, 'http://p4.jmstatic.com/product/003/719/3719964_std/3719964_350_350.jpg', '[{\"tag_id\": 1, \"tag_name\": \"保湿\"}, {\"tag_id\": 3, \"tag_name\": \"补水\"}, {\"tag_id\": 4, \"tag_name\": \"滋润\"}, {\"tag_id\": 7, \"tag_name\": \"温和\"}]', '7011222156', NULL, '因个人肤质不同，如有不适请立即停止使用。', '多款包装随机发货，请放心购买！', 0, 0, '2019-08-05 08:14:05', 9, 3, 100);
INSERT INTO `commodity` VALUES (176, 'DAISO大创亮白化妆水120ml*2', 9.9, 'http://p4.jmstatic.com/product/001/750/1750689_std/1750689_350_350.jpg', '[{\"tag_id\": 1, \"tag_name\": \"保湿\"}, {\"tag_id\": 2, \"tag_name\": \"美白\"}]', '702020940', '日本（具体产地以收到实物为准）', '因个人肤质不同，如有不适请立即停止使用。', '', 0, 0, '2019-08-05 08:14:06', 40, 8, 100);
INSERT INTO `commodity` VALUES (177, 'JM海洋珍珠三部曲面膜两盒装20片', 9.9, 'http://p0.jmstatic.com/product/004/929/4929990_std/4929990_350_350.jpg', '[{\"tag_id\": 1, \"tag_name\": \"保湿\"}, {\"tag_id\": 9, \"tag_name\": \"修护肌肤\"}, {\"tag_id\": 3, \"tag_name\": \"补水\"}, {\"tag_id\": 4, \"tag_name\": \"滋润\"}]', '702031053', '韩国（具体产地以收到实物为准）', '因个人肤质不同，如有不适请立即停止使用。', '多款包装随机发！请放心购买！', 0, 0, '2019-08-05 08:14:06', 5, 1, 100);
INSERT INTO `commodity` VALUES (178, '【韩国版】兰芝夜间睡眠面膜70ml', 9.9, 'http://p2.jmstatic.com/product/002/742/2742717_std/2742717_350_350.jpg', '[{\"tag_id\": 1, \"tag_name\": \"保湿\"}, {\"tag_id\": 3, \"tag_name\": \"补水\"}, {\"tag_id\": 4, \"tag_name\": \"滋润\"}]', '702029823', '韩国（具体产地以收到实物为准）', '因个人肤质不同，如有不适请立即停止使用。', '多款包装随机发！请放心购买！', 0, 0, '2019-08-05 08:14:06', 23, 9, 100);
INSERT INTO `commodity` VALUES (179, '美迪惠尔水库面膜3盒装', 9.9, 'http://p0.jmstatic.com/product/002/742/2742715_std/2742715_350_350.jpg', '[{\"tag_id\": 1, \"tag_name\": \"保湿\"}, {\"tag_id\": 3, \"tag_name\": \"补水\"}, {\"tag_id\": 4, \"tag_name\": \"滋润\"}]', '702028915', '韩国（具体产地以收到实物为准）', '因个人肤质不同，如有不适请立即停止使用。', '', 0, 0, '2019-08-05 08:14:06', 4, 1, 100);
INSERT INTO `commodity` VALUES (180, '兰蔻粉水清滢柔肤水200ml', 9.9, 'http://p1.jmstatic.com/product/000/966/966306_std/966306_350_350.jpg', '[{\"tag_id\": 1, \"tag_name\": \"保湿\"}, {\"tag_id\": 4, \"tag_name\": \"滋润\"}, {\"tag_id\": 22, \"tag_name\": \"柔肤\"}]', '7011216801', '法国（具体产地以收到产品为准）', '因个人肤质不同，如有不适请立即停止使用。', '多款包装随机发货，请放心购买！', 0, 0, '2019-08-05 08:14:06', 68, 8, 100);
INSERT INTO `commodity` VALUES (181, '后拱辰享气韵生润颜系列礼盒', 9.9, 'http://p4.jmstatic.com/product/004/920/4920224_std/4920224_350_350.jpg', '[{\"tag_id\": 1, \"tag_name\": \"保湿\"}, {\"tag_id\": 4, \"tag_name\": \"滋润\"}]', '7011197363', NULL, '因个人肤质不同，如有不适请立即停止使用。', '除水乳霜之外其余盒内产品为赠品，每批产品出厂时赠品均不一样，介意者慎购。', 0, 0, '2019-08-05 08:14:07', 30, 2, 999);
INSERT INTO `commodity` VALUES (182, '雪花秀滋阴平衡保湿乳液125ml', 9.9, 'http://p2.jmstatic.com/product/003/359/3359262_std/3359262_350_350.jpg', '[{\"tag_id\": 1, \"tag_name\": \"保湿\"}, {\"tag_id\": 4, \"tag_name\": \"滋润\"}]', '7011198175', NULL, '因个人肤质不同，如有不适请立即停止使用。', '本产品为全新正装，请放心购买！', 0, 0, '2019-08-05 08:14:07', 27, 5, 999);
INSERT INTO `commodity` VALUES (183, 'DAISO大创美白化妆水120ml', 9.9, 'http://p3.jmstatic.com/product/004/215/4215218_std/4215218_350_350.jpg', '[{\"tag_id\": 1, \"tag_name\": \"保湿\"}, {\"tag_id\": 2, \"tag_name\": \"美白\"}, {\"tag_id\": 3, \"tag_name\": \"补水\"}, {\"tag_id\": 4, \"tag_name\": \"滋润\"}]', '702020939', '日本（具体产地以收到实物为准）', '因个人肤质不同，如有不适请立即停止使用。', '', 0, 0, '2019-08-05 08:14:07', 40, 8, 999);
INSERT INTO `commodity` VALUES (184, 'JMsolution 玻尿酸急救面膜5片', 9.9, 'http://p1.jmstatic.com/product/003/790/3790276_std/3790276_350_350.jpg', '[{\"tag_id\": 1, \"tag_name\": \"保湿\"}, {\"tag_id\": 3, \"tag_name\": \"补水\"}]', '7011200622', NULL, '因个人肤质不同，如有不适请立即停止使用。', '本产品为全新正品，请放心购买！', 0, 0, '2019-08-05 08:14:07', 5, 1, 999);
INSERT INTO `commodity` VALUES (185, '【薄如蚕丝补水神器】RAY蚕丝面膜35g*10 片', 9.9, 'http://p4.jmstatic.com/product/001/534/1534114_std/1534114_350_350.jpg', '[{\"tag_id\": 14, \"tag_name\": \"清洁\"}, {\"tag_id\": 1, \"tag_name\": \"保湿\"}, {\"tag_id\": 3, \"tag_name\": \"补水\"}, {\"tag_id\": 30, \"tag_name\": \"缩小毛孔\"}]', '702029174', '泰国（具体产地以收到实物为准）', '因个人肤质不同，如有不适请立即停止使用。', '', 0, 0, '2019-08-05 08:14:07', 42, 1, 999);
INSERT INTO `commodity` VALUES (186, '城野医生毛孔对策收敛水100ml', 9.9, 'http://p4.jmstatic.com/product/003/502/3502214_std/3502214_350_350.jpg', '[{\"tag_id\": 14, \"tag_name\": \"清洁\"}, {\"tag_id\": 1, \"tag_name\": \"保湿\"}, {\"tag_id\": 3, \"tag_name\": \"补水\"}, {\"tag_id\": 19, \"tag_name\": \"控油\"}, {\"tag_id\": 11, \"tag_name\": \"收敛毛孔\"}, {\"tag_id\": 29, \"tag_name\": \"去黑头\"}, {\"tag_id\": 30, \"tag_name\": \"缩小毛孔\"}]', '702016418', '日本（具体产地以收到实物为准）', '因个人肤质不同，如有不适请立即停止使用。', '', 0, 0, '2019-08-05 08:14:07', 62, 8, 999);
INSERT INTO `commodity` VALUES (187, '银色蚕丝面膜20片+海藻面膜10片', 9.9, 'http://p4.jmstatic.com/product/002/009/2009849_std/2009849_350_350.jpg', '[{\"tag_id\": 1, \"tag_name\": \"保湿\"}, {\"tag_id\": 3, \"tag_name\": \"补水\"}, {\"tag_id\": 4, \"tag_name\": \"滋润\"}]', '702031597', '泰国（具体产地以收到实物为准）', '因个人肤质不同，如有不适请立即停止使用。', '', 0, 0, '2019-08-05 08:14:08', 42, 1, 999);
INSERT INTO `commodity` VALUES (188, '安娜贝拉海藻深层补水面膜', 9.9, 'http://p2.jmstatic.com/product/004/652/4652332_std/4652332_350_350.jpg', '[{\"tag_id\": 1, \"tag_name\": \"保湿\"}, {\"tag_id\": 3, \"tag_name\": \"补水\"}, {\"tag_id\": 4, \"tag_name\": \"滋润\"}]', '702031850', '泰国（具体产地以收到实物为准）', '因个人肤质不同，如有不适请立即停止使用。', '', 0, 0, '2019-08-05 08:14:08', 34, 1, 999);
INSERT INTO `commodity` VALUES (189, '后拱辰享水妍水乳霜套装', 9.9, 'http://p3.jmstatic.com/product/000/973/973973_std/973973_350_350.jpg', '[{\"tag_id\": 1, \"tag_name\": \"保湿\"}, {\"tag_id\": 9, \"tag_name\": \"修护肌肤\"}, {\"tag_id\": 3, \"tag_name\": \"补水\"}, {\"tag_id\": 4, \"tag_name\": \"滋润\"}, {\"tag_id\": 5, \"tag_name\": \"舒缓\"}, {\"tag_id\": 20, \"tag_name\": \"改善肤质\"}, {\"tag_id\": 30, \"tag_name\": \"缩小毛孔\"}]', '7011197453', NULL, '因个人肤质不同，如有不适请立即停止使用。', '除水乳霜之外其余盒内产品为赠品，每批产品出厂时赠品均不一样，介意者慎购。', 0, 0, '2019-08-05 08:14:08', 30, 2, 999);
INSERT INTO `commodity` VALUES (190, '悦木之源灵芝焕能精华水200ml', 9.9, 'http://p0.jmstatic.com/product/004/315/4315590_std/4315590_350_350.jpg', '[{\"tag_id\": 1, \"tag_name\": \"保湿\"}, {\"tag_id\": 9, \"tag_name\": \"修护肌肤\"}, {\"tag_id\": 3, \"tag_name\": \"补水\"}, {\"tag_id\": 4, \"tag_name\": \"滋润\"}, {\"tag_id\": 10, \"tag_name\": \"修护\"}]', '702006465', '美国（具体产地以收到实物为准）', '因个人肤质不同，如有不适请立即停止使用。', '多款包装随机发！', 0, 0, '2019-08-05 08:14:08', 69, 8, 999);
INSERT INTO `commodity` VALUES (191, '兰蔻粉水清滢柔肤水(干性)400ml', 9.9, 'http://p1.jmstatic.com/product/004/906/4906966_std/4906966_350_350.jpg', '[{\"tag_id\": 1, \"tag_name\": \"保湿\"}, {\"tag_id\": 3, \"tag_name\": \"补水\"}, {\"tag_id\": 4, \"tag_name\": \"滋润\"}]', '702000450', '法国', '因个人肤质不同，如有不适请立即停止使用。', '多款包装随机发！请放心购买！', 0, 0, '2019-08-05 08:14:09', 68, 8, 999);
INSERT INTO `commodity` VALUES (192, 'Unichi深海修护精华面霜50ml', 9.9, 'http://p1.jmstatic.com/product/003/857/3857386_std/3857386_350_350.jpg', '[{\"tag_id\": 1, \"tag_name\": \"保湿\"}, {\"tag_id\": 3, \"tag_name\": \"补水\"}, {\"tag_id\": 4, \"tag_name\": \"滋润\"}]', '702028080', '澳大利亚(具体产地以收到实物为准)', '因个人肤质不同，如有不适请立即停止使用。', '', 0, 0, '2019-08-05 08:14:09', 70, 3, 999);
INSERT INTO `commodity` VALUES (193, '雪花秀玉容撕拉面膜中样50ml', 9.9, 'http://p4.jmstatic.com/product/004/110/4110754_std/4110754_350_350.jpg', '[{\"tag_id\": 1, \"tag_name\": \"保湿\"}, {\"tag_id\": 9, \"tag_name\": \"修护肌肤\"}, {\"tag_id\": 3, \"tag_name\": \"补水\"}]', '702027482', '韩国（具体产地以收到实物为准）', '因个人肤质不同，如有不适请立即停止使用。', '多款包装随机发！请放心购买！', 0, 0, '2019-08-05 08:14:09', 27, 4, 999);
INSERT INTO `commodity` VALUES (194, '石泽研究所收敛保湿大米面膜10片', 9.9, 'http://p4.jmstatic.com/product/001/465/1465139_std/1465139_350_350.jpg', '[{\"tag_id\": 1, \"tag_name\": \"保湿\"}, {\"tag_id\": 3, \"tag_name\": \"补水\"}, {\"tag_id\": 4, \"tag_name\": \"滋润\"}, {\"tag_id\": 11, \"tag_name\": \"收敛毛孔\"}]', '702028682', '日本（具体产地以收到实物为准）', '因个人肤质不同，如有不适请立即停止使用。', '', 0, 0, '2019-08-05 08:14:09', 66, 1, 999);
INSERT INTO `commodity` VALUES (195, '科颜氏高保湿面霜50ml', 9.9, 'http://p3.jmstatic.com/product/002/492/2492258_std/2492258_350_350.jpg', NULL, '7011222152', NULL, '因个人肤质不同，如有不适请立即停止使用。', '多款包装随机发~', 0, 0, '2019-08-05 08:14:09', 9, 3, 999);
INSERT INTO `commodity` VALUES (196, '【韩国版】兰芝水酷保湿面霜50ml', 9.9, 'http://p3.jmstatic.com/product/000/984/984568_std/984568_350_350.jpg', '[{\"tag_id\": 1, \"tag_name\": \"保湿\"}, {\"tag_id\": 3, \"tag_name\": \"补水\"}, {\"tag_id\": 4, \"tag_name\": \"滋润\"}]', '702030674', '韩国（具体产地以收到实物为准）', '因个人肤质不同，如有不适请立即停止使用。', '多款包装随机发！请放心购买！', 0, 0, '2019-08-05 08:14:10', 23, 3, 999);
INSERT INTO `commodity` VALUES (197, '兰蔻清滢嫩肤水200ml', 9.9, 'http://p0.jmstatic.com/product/003/661/3661170_std/3661170_350_350.jpg', '[{\"tag_id\": 1, \"tag_name\": \"保湿\"}, {\"tag_id\": 3, \"tag_name\": \"补水\"}, {\"tag_id\": 4, \"tag_name\": \"滋润\"}]', '702001035', '法国（具体产地以收到产品为准）', '因个人肤质不同，如有不适请立即停止使用。', '', 0, 0, '2019-08-05 08:14:10', 68, 8, 999);
INSERT INTO `commodity` VALUES (198, '资生堂豪华级嘉美艳容露150ml', 9.9, 'http://p1.jmstatic.com/product/004/960/4960316_std/4960316_350_350.jpg', '[{\"tag_id\": 1, \"tag_name\": \"保湿\"}, {\"tag_id\": 3, \"tag_name\": \"补水\"}]', '702013925', '日本（具体产地以收到实物为准）', '因个人肤质不同，如有不适请立即停止使用。', '台湾版（玻璃瓶，产品外包装无塑封）与日本版（塑料瓶）两版本随机发货！', 0, 0, '2019-08-05 08:14:10', 21, 8, 999);

CREATE TABLE `tag_mapping` (
  `tag_mapping_id` int unsigned PRIMARY KEY AUTO_INCREMENT,
  `tag_id` int unsigned,
  `commodity_id` int unsigned,
  FOREIGN KEY (`tag_id`) REFERENCES `tag` (`tag_id`) ON DELETE CASCADE,
  FOREIGN KEY (`commodity_id`) REFERENCES `commodity` (`commodity_id`) ON DELETE CASCADE
) ENGINE = InnoDB AUTO_INCREMENT = 639 CHARACTER SET = utf8 COLLATE = utf8_general_ci ROW_FORMAT = Dynamic;

INSERT INTO `tag_mapping` VALUES (1, 1, 1);
INSERT INTO `tag_mapping` VALUES (2, 2, 1);
INSERT INTO `tag_mapping` VALUES (3, 3, 1);
INSERT INTO `tag_mapping` VALUES (4, 1, 2);
INSERT INTO `tag_mapping` VALUES (5, 3, 2);
INSERT INTO `tag_mapping` VALUES (6, 1, 3);
INSERT INTO `tag_mapping` VALUES (7, 1, 4);
INSERT INTO `tag_mapping` VALUES (8, 3, 4);
INSERT INTO `tag_mapping` VALUES (9, 1, 5);
INSERT INTO `tag_mapping` VALUES (10, 3, 5);
INSERT INTO `tag_mapping` VALUES (11, 4, 5);
INSERT INTO `tag_mapping` VALUES (12, 1, 6);
INSERT INTO `tag_mapping` VALUES (13, 3, 6);
INSERT INTO `tag_mapping` VALUES (14, 1, 7);
INSERT INTO `tag_mapping` VALUES (15, 1, 8);
INSERT INTO `tag_mapping` VALUES (16, 2, 8);
INSERT INTO `tag_mapping` VALUES (17, 3, 8);
INSERT INTO `tag_mapping` VALUES (18, 4, 8);
INSERT INTO `tag_mapping` VALUES (19, 1, 9);
INSERT INTO `tag_mapping` VALUES (20, 5, 9);
INSERT INTO `tag_mapping` VALUES (21, 6, 9);
INSERT INTO `tag_mapping` VALUES (22, 7, 9);
INSERT INTO `tag_mapping` VALUES (23, 8, 10);
INSERT INTO `tag_mapping` VALUES (24, 1, 10);
INSERT INTO `tag_mapping` VALUES (25, 9, 10);
INSERT INTO `tag_mapping` VALUES (26, 3, 10);
INSERT INTO `tag_mapping` VALUES (27, 10, 10);
INSERT INTO `tag_mapping` VALUES (28, 7, 10);
INSERT INTO `tag_mapping` VALUES (29, 1, 11);
INSERT INTO `tag_mapping` VALUES (30, 1, 12);
INSERT INTO `tag_mapping` VALUES (31, 3, 12);
INSERT INTO `tag_mapping` VALUES (32, 4, 12);
INSERT INTO `tag_mapping` VALUES (33, 1, 13);
INSERT INTO `tag_mapping` VALUES (34, 3, 13);
INSERT INTO `tag_mapping` VALUES (35, 4, 13);
INSERT INTO `tag_mapping` VALUES (36, 1, 14);
INSERT INTO `tag_mapping` VALUES (37, 1, 15);
INSERT INTO `tag_mapping` VALUES (38, 9, 15);
INSERT INTO `tag_mapping` VALUES (39, 3, 15);
INSERT INTO `tag_mapping` VALUES (40, 4, 15);
INSERT INTO `tag_mapping` VALUES (41, 11, 15);
INSERT INTO `tag_mapping` VALUES (42, 1, 16);
INSERT INTO `tag_mapping` VALUES (43, 3, 16);
INSERT INTO `tag_mapping` VALUES (44, 4, 16);
INSERT INTO `tag_mapping` VALUES (45, 1, 17);
INSERT INTO `tag_mapping` VALUES (46, 2, 17);
INSERT INTO `tag_mapping` VALUES (47, 3, 17);
INSERT INTO `tag_mapping` VALUES (48, 4, 17);
INSERT INTO `tag_mapping` VALUES (49, 12, 18);
INSERT INTO `tag_mapping` VALUES (50, 1, 18);
INSERT INTO `tag_mapping` VALUES (51, 3, 18);
INSERT INTO `tag_mapping` VALUES (52, 4, 18);
INSERT INTO `tag_mapping` VALUES (53, 9, 19);
INSERT INTO `tag_mapping` VALUES (54, 3, 19);
INSERT INTO `tag_mapping` VALUES (55, 4, 19);
INSERT INTO `tag_mapping` VALUES (56, 13, 19);
INSERT INTO `tag_mapping` VALUES (57, 1, 20);
INSERT INTO `tag_mapping` VALUES (58, 9, 20);
INSERT INTO `tag_mapping` VALUES (59, 3, 20);
INSERT INTO `tag_mapping` VALUES (60, 4, 20);
INSERT INTO `tag_mapping` VALUES (61, 14, 21);
INSERT INTO `tag_mapping` VALUES (62, 1, 21);
INSERT INTO `tag_mapping` VALUES (63, 3, 21);
INSERT INTO `tag_mapping` VALUES (64, 5, 21);
INSERT INTO `tag_mapping` VALUES (65, 1, 22);
INSERT INTO `tag_mapping` VALUES (66, 9, 22);
INSERT INTO `tag_mapping` VALUES (67, 3, 22);
INSERT INTO `tag_mapping` VALUES (68, 1, 23);
INSERT INTO `tag_mapping` VALUES (69, 3, 23);
INSERT INTO `tag_mapping` VALUES (70, 4, 23);
INSERT INTO `tag_mapping` VALUES (71, 1, 24);
INSERT INTO `tag_mapping` VALUES (72, 3, 24);
INSERT INTO `tag_mapping` VALUES (73, 4, 24);
INSERT INTO `tag_mapping` VALUES (74, 1, 25);
INSERT INTO `tag_mapping` VALUES (75, 3, 25);
INSERT INTO `tag_mapping` VALUES (76, 4, 25);
INSERT INTO `tag_mapping` VALUES (77, 1, 26);
INSERT INTO `tag_mapping` VALUES (78, 3, 26);
INSERT INTO `tag_mapping` VALUES (79, 4, 26);
INSERT INTO `tag_mapping` VALUES (80, 1, 27);
INSERT INTO `tag_mapping` VALUES (81, 2, 27);
INSERT INTO `tag_mapping` VALUES (82, 3, 27);
INSERT INTO `tag_mapping` VALUES (83, 4, 27);
INSERT INTO `tag_mapping` VALUES (84, 1, 28);
INSERT INTO `tag_mapping` VALUES (85, 9, 28);
INSERT INTO `tag_mapping` VALUES (86, 3, 28);
INSERT INTO `tag_mapping` VALUES (87, 4, 28);
INSERT INTO `tag_mapping` VALUES (88, 1, 29);
INSERT INTO `tag_mapping` VALUES (89, 3, 29);
INSERT INTO `tag_mapping` VALUES (90, 4, 29);
INSERT INTO `tag_mapping` VALUES (91, 8, 30);
INSERT INTO `tag_mapping` VALUES (92, 1, 30);
INSERT INTO `tag_mapping` VALUES (93, 3, 30);
INSERT INTO `tag_mapping` VALUES (94, 4, 30);
INSERT INTO `tag_mapping` VALUES (95, 1, 31);
INSERT INTO `tag_mapping` VALUES (96, 2, 31);
INSERT INTO `tag_mapping` VALUES (97, 3, 31);
INSERT INTO `tag_mapping` VALUES (98, 4, 31);
INSERT INTO `tag_mapping` VALUES (99, 1, 32);
INSERT INTO `tag_mapping` VALUES (100, 9, 32);
INSERT INTO `tag_mapping` VALUES (101, 3, 32);
INSERT INTO `tag_mapping` VALUES (102, 4, 32);
INSERT INTO `tag_mapping` VALUES (103, 10, 32);
INSERT INTO `tag_mapping` VALUES (104, 7, 32);
INSERT INTO `tag_mapping` VALUES (105, 1, 33);
INSERT INTO `tag_mapping` VALUES (106, 3, 33);
INSERT INTO `tag_mapping` VALUES (107, 4, 33);
INSERT INTO `tag_mapping` VALUES (108, 1, 34);
INSERT INTO `tag_mapping` VALUES (109, 9, 34);
INSERT INTO `tag_mapping` VALUES (110, 1, 35);
INSERT INTO `tag_mapping` VALUES (111, 3, 35);
INSERT INTO `tag_mapping` VALUES (112, 11, 35);
INSERT INTO `tag_mapping` VALUES (113, 1, 36);
INSERT INTO `tag_mapping` VALUES (114, 2, 36);
INSERT INTO `tag_mapping` VALUES (115, 3, 36);
INSERT INTO `tag_mapping` VALUES (116, 4, 36);
INSERT INTO `tag_mapping` VALUES (117, 1, 37);
INSERT INTO `tag_mapping` VALUES (118, 3, 37);
INSERT INTO `tag_mapping` VALUES (119, 10, 37);
INSERT INTO `tag_mapping` VALUES (120, 1, 38);
INSERT INTO `tag_mapping` VALUES (121, 9, 38);
INSERT INTO `tag_mapping` VALUES (122, 3, 38);
INSERT INTO `tag_mapping` VALUES (123, 4, 38);
INSERT INTO `tag_mapping` VALUES (124, 10, 38);
INSERT INTO `tag_mapping` VALUES (125, 1, 39);
INSERT INTO `tag_mapping` VALUES (126, 3, 39);
INSERT INTO `tag_mapping` VALUES (127, 4, 39);
INSERT INTO `tag_mapping` VALUES (128, 1, 40);
INSERT INTO `tag_mapping` VALUES (129, 3, 40);
INSERT INTO `tag_mapping` VALUES (130, 4, 40);
INSERT INTO `tag_mapping` VALUES (131, 1, 41);
INSERT INTO `tag_mapping` VALUES (132, 3, 41);
INSERT INTO `tag_mapping` VALUES (133, 4, 41);
INSERT INTO `tag_mapping` VALUES (134, 1, 42);
INSERT INTO `tag_mapping` VALUES (135, 2, 42);
INSERT INTO `tag_mapping` VALUES (136, 3, 42);
INSERT INTO `tag_mapping` VALUES (137, 4, 42);
INSERT INTO `tag_mapping` VALUES (138, 1, 43);
INSERT INTO `tag_mapping` VALUES (139, 3, 43);
INSERT INTO `tag_mapping` VALUES (140, 15, 43);
INSERT INTO `tag_mapping` VALUES (141, 16, 43);
INSERT INTO `tag_mapping` VALUES (142, 1, 45);
INSERT INTO `tag_mapping` VALUES (143, 2, 45);
INSERT INTO `tag_mapping` VALUES (144, 3, 45);
INSERT INTO `tag_mapping` VALUES (145, 4, 45);
INSERT INTO `tag_mapping` VALUES (146, 1, 46);
INSERT INTO `tag_mapping` VALUES (147, 3, 46);
INSERT INTO `tag_mapping` VALUES (148, 4, 46);
INSERT INTO `tag_mapping` VALUES (149, 1, 47);
INSERT INTO `tag_mapping` VALUES (150, 9, 47);
INSERT INTO `tag_mapping` VALUES (151, 3, 47);
INSERT INTO `tag_mapping` VALUES (152, 4, 47);
INSERT INTO `tag_mapping` VALUES (153, 17, 47);
INSERT INTO `tag_mapping` VALUES (154, 1, 48);
INSERT INTO `tag_mapping` VALUES (155, 4, 48);
INSERT INTO `tag_mapping` VALUES (156, 10, 48);
INSERT INTO `tag_mapping` VALUES (157, 18, 48);
INSERT INTO `tag_mapping` VALUES (158, 1, 49);
INSERT INTO `tag_mapping` VALUES (159, 3, 49);
INSERT INTO `tag_mapping` VALUES (160, 19, 49);
INSERT INTO `tag_mapping` VALUES (161, 1, 50);
INSERT INTO `tag_mapping` VALUES (162, 3, 50);
INSERT INTO `tag_mapping` VALUES (163, 4, 50);
INSERT INTO `tag_mapping` VALUES (164, 20, 50);
INSERT INTO `tag_mapping` VALUES (165, 1, 51);
INSERT INTO `tag_mapping` VALUES (166, 2, 51);
INSERT INTO `tag_mapping` VALUES (167, 4, 51);
INSERT INTO `tag_mapping` VALUES (168, 13, 51);
INSERT INTO `tag_mapping` VALUES (169, 1, 52);
INSERT INTO `tag_mapping` VALUES (170, 9, 52);
INSERT INTO `tag_mapping` VALUES (171, 3, 52);
INSERT INTO `tag_mapping` VALUES (172, 4, 52);
INSERT INTO `tag_mapping` VALUES (173, 5, 52);
INSERT INTO `tag_mapping` VALUES (174, 1, 53);
INSERT INTO `tag_mapping` VALUES (175, 4, 53);
INSERT INTO `tag_mapping` VALUES (176, 1, 54);
INSERT INTO `tag_mapping` VALUES (177, 9, 54);
INSERT INTO `tag_mapping` VALUES (178, 4, 54);
INSERT INTO `tag_mapping` VALUES (179, 21, 54);
INSERT INTO `tag_mapping` VALUES (180, 1, 55);
INSERT INTO `tag_mapping` VALUES (181, 2, 55);
INSERT INTO `tag_mapping` VALUES (182, 3, 55);
INSERT INTO `tag_mapping` VALUES (183, 4, 55);
INSERT INTO `tag_mapping` VALUES (184, 1, 56);
INSERT INTO `tag_mapping` VALUES (185, 3, 56);
INSERT INTO `tag_mapping` VALUES (186, 4, 56);
INSERT INTO `tag_mapping` VALUES (187, 1, 57);
INSERT INTO `tag_mapping` VALUES (188, 3, 57);
INSERT INTO `tag_mapping` VALUES (189, 4, 57);
INSERT INTO `tag_mapping` VALUES (190, 10, 57);
INSERT INTO `tag_mapping` VALUES (191, 1, 58);
INSERT INTO `tag_mapping` VALUES (192, 3, 58);
INSERT INTO `tag_mapping` VALUES (193, 4, 58);
INSERT INTO `tag_mapping` VALUES (194, 11, 58);
INSERT INTO `tag_mapping` VALUES (195, 1, 59);
INSERT INTO `tag_mapping` VALUES (196, 9, 59);
INSERT INTO `tag_mapping` VALUES (197, 3, 59);
INSERT INTO `tag_mapping` VALUES (198, 4, 59);
INSERT INTO `tag_mapping` VALUES (199, 1, 60);
INSERT INTO `tag_mapping` VALUES (200, 4, 60);
INSERT INTO `tag_mapping` VALUES (201, 1, 61);
INSERT INTO `tag_mapping` VALUES (202, 3, 61);
INSERT INTO `tag_mapping` VALUES (203, 1, 62);
INSERT INTO `tag_mapping` VALUES (204, 4, 62);
INSERT INTO `tag_mapping` VALUES (205, 1, 63);
INSERT INTO `tag_mapping` VALUES (206, 3, 63);
INSERT INTO `tag_mapping` VALUES (207, 4, 63);
INSERT INTO `tag_mapping` VALUES (208, 1, 64);
INSERT INTO `tag_mapping` VALUES (209, 3, 64);
INSERT INTO `tag_mapping` VALUES (210, 4, 64);
INSERT INTO `tag_mapping` VALUES (211, 19, 64);
INSERT INTO `tag_mapping` VALUES (212, 1, 65);
INSERT INTO `tag_mapping` VALUES (213, 4, 65);
INSERT INTO `tag_mapping` VALUES (214, 1, 66);
INSERT INTO `tag_mapping` VALUES (215, 3, 66);
INSERT INTO `tag_mapping` VALUES (216, 4, 66);
INSERT INTO `tag_mapping` VALUES (217, 1, 67);
INSERT INTO `tag_mapping` VALUES (218, 3, 67);
INSERT INTO `tag_mapping` VALUES (219, 4, 67);
INSERT INTO `tag_mapping` VALUES (220, 1, 68);
INSERT INTO `tag_mapping` VALUES (221, 3, 68);
INSERT INTO `tag_mapping` VALUES (222, 4, 68);
INSERT INTO `tag_mapping` VALUES (223, 1, 69);
INSERT INTO `tag_mapping` VALUES (224, 4, 69);
INSERT INTO `tag_mapping` VALUES (225, 1, 70);
INSERT INTO `tag_mapping` VALUES (226, 3, 70);
INSERT INTO `tag_mapping` VALUES (227, 4, 70);
INSERT INTO `tag_mapping` VALUES (228, 12, 71);
INSERT INTO `tag_mapping` VALUES (229, 1, 71);
INSERT INTO `tag_mapping` VALUES (230, 3, 71);
INSERT INTO `tag_mapping` VALUES (231, 4, 71);
INSERT INTO `tag_mapping` VALUES (232, 16, 71);
INSERT INTO `tag_mapping` VALUES (233, 17, 71);
INSERT INTO `tag_mapping` VALUES (234, 22, 71);
INSERT INTO `tag_mapping` VALUES (235, 1, 72);
INSERT INTO `tag_mapping` VALUES (236, 3, 72);
INSERT INTO `tag_mapping` VALUES (237, 4, 72);
INSERT INTO `tag_mapping` VALUES (238, 1, 73);
INSERT INTO `tag_mapping` VALUES (239, 4, 73);
INSERT INTO `tag_mapping` VALUES (240, 1, 74);
INSERT INTO `tag_mapping` VALUES (241, 9, 74);
INSERT INTO `tag_mapping` VALUES (242, 3, 74);
INSERT INTO `tag_mapping` VALUES (243, 4, 74);
INSERT INTO `tag_mapping` VALUES (244, 1, 75);
INSERT INTO `tag_mapping` VALUES (245, 9, 75);
INSERT INTO `tag_mapping` VALUES (246, 3, 75);
INSERT INTO `tag_mapping` VALUES (247, 1, 76);
INSERT INTO `tag_mapping` VALUES (248, 3, 76);
INSERT INTO `tag_mapping` VALUES (249, 4, 76);
INSERT INTO `tag_mapping` VALUES (250, 8, 77);
INSERT INTO `tag_mapping` VALUES (251, 1, 77);
INSERT INTO `tag_mapping` VALUES (252, 3, 77);
INSERT INTO `tag_mapping` VALUES (253, 1, 78);
INSERT INTO `tag_mapping` VALUES (254, 3, 78);
INSERT INTO `tag_mapping` VALUES (255, 4, 78);
INSERT INTO `tag_mapping` VALUES (256, 7, 78);
INSERT INTO `tag_mapping` VALUES (257, 1, 79);
INSERT INTO `tag_mapping` VALUES (258, 2, 79);
INSERT INTO `tag_mapping` VALUES (259, 1, 80);
INSERT INTO `tag_mapping` VALUES (260, 3, 80);
INSERT INTO `tag_mapping` VALUES (261, 4, 80);
INSERT INTO `tag_mapping` VALUES (262, 1, 81);
INSERT INTO `tag_mapping` VALUES (263, 3, 81);
INSERT INTO `tag_mapping` VALUES (264, 4, 81);
INSERT INTO `tag_mapping` VALUES (265, 1, 82);
INSERT INTO `tag_mapping` VALUES (266, 3, 82);
INSERT INTO `tag_mapping` VALUES (267, 4, 82);
INSERT INTO `tag_mapping` VALUES (268, 1, 83);
INSERT INTO `tag_mapping` VALUES (269, 3, 83);
INSERT INTO `tag_mapping` VALUES (270, 4, 83);
INSERT INTO `tag_mapping` VALUES (271, 1, 84);
INSERT INTO `tag_mapping` VALUES (272, 3, 84);
INSERT INTO `tag_mapping` VALUES (273, 4, 84);
INSERT INTO `tag_mapping` VALUES (274, 14, 85);
INSERT INTO `tag_mapping` VALUES (275, 1, 85);
INSERT INTO `tag_mapping` VALUES (276, 8, 86);
INSERT INTO `tag_mapping` VALUES (277, 1, 86);
INSERT INTO `tag_mapping` VALUES (278, 4, 86);
INSERT INTO `tag_mapping` VALUES (279, 19, 86);
INSERT INTO `tag_mapping` VALUES (280, 1, 87);
INSERT INTO `tag_mapping` VALUES (281, 3, 87);
INSERT INTO `tag_mapping` VALUES (282, 4, 87);
INSERT INTO `tag_mapping` VALUES (283, 1, 88);
INSERT INTO `tag_mapping` VALUES (284, 3, 88);
INSERT INTO `tag_mapping` VALUES (285, 4, 88);
INSERT INTO `tag_mapping` VALUES (286, 1, 89);
INSERT INTO `tag_mapping` VALUES (287, 9, 89);
INSERT INTO `tag_mapping` VALUES (288, 3, 89);
INSERT INTO `tag_mapping` VALUES (289, 4, 89);
INSERT INTO `tag_mapping` VALUES (290, 10, 89);
INSERT INTO `tag_mapping` VALUES (291, 1, 90);
INSERT INTO `tag_mapping` VALUES (292, 2, 90);
INSERT INTO `tag_mapping` VALUES (293, 3, 90);
INSERT INTO `tag_mapping` VALUES (294, 4, 90);
INSERT INTO `tag_mapping` VALUES (295, 1, 91);
INSERT INTO `tag_mapping` VALUES (296, 9, 91);
INSERT INTO `tag_mapping` VALUES (297, 3, 91);
INSERT INTO `tag_mapping` VALUES (298, 4, 91);
INSERT INTO `tag_mapping` VALUES (299, 8, 92);
INSERT INTO `tag_mapping` VALUES (300, 4, 92);
INSERT INTO `tag_mapping` VALUES (301, 1, 93);
INSERT INTO `tag_mapping` VALUES (302, 3, 93);
INSERT INTO `tag_mapping` VALUES (303, 1, 94);
INSERT INTO `tag_mapping` VALUES (304, 2, 94);
INSERT INTO `tag_mapping` VALUES (305, 3, 94);
INSERT INTO `tag_mapping` VALUES (306, 4, 94);
INSERT INTO `tag_mapping` VALUES (307, 10, 94);
INSERT INTO `tag_mapping` VALUES (308, 1, 95);
INSERT INTO `tag_mapping` VALUES (309, 3, 95);
INSERT INTO `tag_mapping` VALUES (310, 1, 96);
INSERT INTO `tag_mapping` VALUES (311, 3, 96);
INSERT INTO `tag_mapping` VALUES (312, 1, 97);
INSERT INTO `tag_mapping` VALUES (313, 3, 97);
INSERT INTO `tag_mapping` VALUES (314, 4, 97);
INSERT INTO `tag_mapping` VALUES (315, 10, 98);
INSERT INTO `tag_mapping` VALUES (316, 23, 98);
INSERT INTO `tag_mapping` VALUES (317, 1, 99);
INSERT INTO `tag_mapping` VALUES (318, 24, 99);
INSERT INTO `tag_mapping` VALUES (319, 12, 100);
INSERT INTO `tag_mapping` VALUES (320, 1, 100);
INSERT INTO `tag_mapping` VALUES (321, 2, 100);
INSERT INTO `tag_mapping` VALUES (322, 3, 100);
INSERT INTO `tag_mapping` VALUES (323, 25, 100);
INSERT INTO `tag_mapping` VALUES (324, 14, 101);
INSERT INTO `tag_mapping` VALUES (325, 26, 101);
INSERT INTO `tag_mapping` VALUES (326, 1, 103);
INSERT INTO `tag_mapping` VALUES (327, 3, 103);
INSERT INTO `tag_mapping` VALUES (328, 19, 103);
INSERT INTO `tag_mapping` VALUES (329, 1, 104);
INSERT INTO `tag_mapping` VALUES (330, 2, 104);
INSERT INTO `tag_mapping` VALUES (331, 3, 104);
INSERT INTO `tag_mapping` VALUES (332, 4, 104);
INSERT INTO `tag_mapping` VALUES (333, 1, 105);
INSERT INTO `tag_mapping` VALUES (334, 3, 105);
INSERT INTO `tag_mapping` VALUES (335, 1, 107);
INSERT INTO `tag_mapping` VALUES (336, 2, 107);
INSERT INTO `tag_mapping` VALUES (337, 3, 107);
INSERT INTO `tag_mapping` VALUES (338, 4, 107);
INSERT INTO `tag_mapping` VALUES (339, 12, 108);
INSERT INTO `tag_mapping` VALUES (340, 1, 108);
INSERT INTO `tag_mapping` VALUES (341, 4, 108);
INSERT INTO `tag_mapping` VALUES (342, 1, 109);
INSERT INTO `tag_mapping` VALUES (343, 3, 109);
INSERT INTO `tag_mapping` VALUES (344, 4, 109);
INSERT INTO `tag_mapping` VALUES (345, 8, 110);
INSERT INTO `tag_mapping` VALUES (346, 1, 110);
INSERT INTO `tag_mapping` VALUES (347, 4, 110);
INSERT INTO `tag_mapping` VALUES (348, 19, 110);
INSERT INTO `tag_mapping` VALUES (349, 1, 111);
INSERT INTO `tag_mapping` VALUES (350, 9, 111);
INSERT INTO `tag_mapping` VALUES (351, 3, 111);
INSERT INTO `tag_mapping` VALUES (352, 1, 112);
INSERT INTO `tag_mapping` VALUES (353, 4, 112);
INSERT INTO `tag_mapping` VALUES (354, 1, 113);
INSERT INTO `tag_mapping` VALUES (355, 4, 113);
INSERT INTO `tag_mapping` VALUES (356, 1, 114);
INSERT INTO `tag_mapping` VALUES (357, 9, 114);
INSERT INTO `tag_mapping` VALUES (358, 3, 114);
INSERT INTO `tag_mapping` VALUES (359, 4, 114);
INSERT INTO `tag_mapping` VALUES (360, 10, 114);
INSERT INTO `tag_mapping` VALUES (361, 1, 115);
INSERT INTO `tag_mapping` VALUES (362, 3, 115);
INSERT INTO `tag_mapping` VALUES (363, 1, 116);
INSERT INTO `tag_mapping` VALUES (364, 3, 116);
INSERT INTO `tag_mapping` VALUES (365, 4, 116);
INSERT INTO `tag_mapping` VALUES (366, 1, 117);
INSERT INTO `tag_mapping` VALUES (367, 3, 117);
INSERT INTO `tag_mapping` VALUES (368, 27, 117);
INSERT INTO `tag_mapping` VALUES (369, 1, 118);
INSERT INTO `tag_mapping` VALUES (370, 9, 118);
INSERT INTO `tag_mapping` VALUES (371, 3, 118);
INSERT INTO `tag_mapping` VALUES (372, 4, 118);
INSERT INTO `tag_mapping` VALUES (373, 1, 119);
INSERT INTO `tag_mapping` VALUES (374, 3, 119);
INSERT INTO `tag_mapping` VALUES (375, 4, 119);
INSERT INTO `tag_mapping` VALUES (376, 1, 120);
INSERT INTO `tag_mapping` VALUES (377, 3, 120);
INSERT INTO `tag_mapping` VALUES (378, 4, 120);
INSERT INTO `tag_mapping` VALUES (379, 1, 121);
INSERT INTO `tag_mapping` VALUES (380, 4, 121);
INSERT INTO `tag_mapping` VALUES (381, 10, 121);
INSERT INTO `tag_mapping` VALUES (382, 1, 122);
INSERT INTO `tag_mapping` VALUES (383, 9, 122);
INSERT INTO `tag_mapping` VALUES (384, 3, 122);
INSERT INTO `tag_mapping` VALUES (385, 4, 122);
INSERT INTO `tag_mapping` VALUES (386, 8, 123);
INSERT INTO `tag_mapping` VALUES (387, 1, 123);
INSERT INTO `tag_mapping` VALUES (388, 4, 123);
INSERT INTO `tag_mapping` VALUES (389, 13, 123);
INSERT INTO `tag_mapping` VALUES (390, 5, 123);
INSERT INTO `tag_mapping` VALUES (391, 17, 123);
INSERT INTO `tag_mapping` VALUES (392, 1, 124);
INSERT INTO `tag_mapping` VALUES (393, 9, 124);
INSERT INTO `tag_mapping` VALUES (394, 3, 124);
INSERT INTO `tag_mapping` VALUES (395, 4, 124);
INSERT INTO `tag_mapping` VALUES (396, 10, 124);
INSERT INTO `tag_mapping` VALUES (397, 1, 125);
INSERT INTO `tag_mapping` VALUES (398, 3, 125);
INSERT INTO `tag_mapping` VALUES (399, 4, 125);
INSERT INTO `tag_mapping` VALUES (400, 1, 126);
INSERT INTO `tag_mapping` VALUES (401, 4, 126);
INSERT INTO `tag_mapping` VALUES (402, 10, 126);
INSERT INTO `tag_mapping` VALUES (403, 5, 126);
INSERT INTO `tag_mapping` VALUES (404, 1, 127);
INSERT INTO `tag_mapping` VALUES (405, 4, 127);
INSERT INTO `tag_mapping` VALUES (406, 8, 128);
INSERT INTO `tag_mapping` VALUES (407, 1, 128);
INSERT INTO `tag_mapping` VALUES (408, 2, 128);
INSERT INTO `tag_mapping` VALUES (409, 3, 128);
INSERT INTO `tag_mapping` VALUES (410, 1, 129);
INSERT INTO `tag_mapping` VALUES (411, 13, 129);
INSERT INTO `tag_mapping` VALUES (412, 1, 130);
INSERT INTO `tag_mapping` VALUES (413, 3, 130);
INSERT INTO `tag_mapping` VALUES (414, 4, 130);
INSERT INTO `tag_mapping` VALUES (415, 1, 131);
INSERT INTO `tag_mapping` VALUES (416, 3, 131);
INSERT INTO `tag_mapping` VALUES (417, 4, 131);
INSERT INTO `tag_mapping` VALUES (418, 10, 131);
INSERT INTO `tag_mapping` VALUES (419, 1, 132);
INSERT INTO `tag_mapping` VALUES (420, 4, 132);
INSERT INTO `tag_mapping` VALUES (421, 1, 133);
INSERT INTO `tag_mapping` VALUES (422, 9, 133);
INSERT INTO `tag_mapping` VALUES (423, 1, 135);
INSERT INTO `tag_mapping` VALUES (424, 3, 135);
INSERT INTO `tag_mapping` VALUES (425, 4, 135);
INSERT INTO `tag_mapping` VALUES (426, 1, 136);
INSERT INTO `tag_mapping` VALUES (427, 3, 136);
INSERT INTO `tag_mapping` VALUES (428, 4, 136);
INSERT INTO `tag_mapping` VALUES (429, 1, 137);
INSERT INTO `tag_mapping` VALUES (430, 3, 137);
INSERT INTO `tag_mapping` VALUES (431, 4, 137);
INSERT INTO `tag_mapping` VALUES (432, 1, 138);
INSERT INTO `tag_mapping` VALUES (433, 2, 138);
INSERT INTO `tag_mapping` VALUES (434, 4, 138);
INSERT INTO `tag_mapping` VALUES (435, 13, 138);
INSERT INTO `tag_mapping` VALUES (436, 1, 139);
INSERT INTO `tag_mapping` VALUES (437, 4, 139);
INSERT INTO `tag_mapping` VALUES (438, 1, 140);
INSERT INTO `tag_mapping` VALUES (439, 9, 140);
INSERT INTO `tag_mapping` VALUES (440, 4, 140);
INSERT INTO `tag_mapping` VALUES (441, 13, 140);
INSERT INTO `tag_mapping` VALUES (442, 28, 140);
INSERT INTO `tag_mapping` VALUES (443, 1, 141);
INSERT INTO `tag_mapping` VALUES (444, 3, 141);
INSERT INTO `tag_mapping` VALUES (445, 4, 141);
INSERT INTO `tag_mapping` VALUES (446, 1, 142);
INSERT INTO `tag_mapping` VALUES (447, 2, 142);
INSERT INTO `tag_mapping` VALUES (448, 3, 142);
INSERT INTO `tag_mapping` VALUES (449, 4, 142);
INSERT INTO `tag_mapping` VALUES (450, 1, 143);
INSERT INTO `tag_mapping` VALUES (451, 3, 143);
INSERT INTO `tag_mapping` VALUES (452, 4, 143);
INSERT INTO `tag_mapping` VALUES (453, 10, 143);
INSERT INTO `tag_mapping` VALUES (454, 1, 144);
INSERT INTO `tag_mapping` VALUES (455, 9, 144);
INSERT INTO `tag_mapping` VALUES (456, 3, 144);
INSERT INTO `tag_mapping` VALUES (457, 4, 144);
INSERT INTO `tag_mapping` VALUES (458, 10, 144);
INSERT INTO `tag_mapping` VALUES (459, 1, 145);
INSERT INTO `tag_mapping` VALUES (460, 3, 145);
INSERT INTO `tag_mapping` VALUES (461, 19, 145);
INSERT INTO `tag_mapping` VALUES (462, 14, 146);
INSERT INTO `tag_mapping` VALUES (463, 1, 146);
INSERT INTO `tag_mapping` VALUES (464, 3, 146);
INSERT INTO `tag_mapping` VALUES (465, 11, 146);
INSERT INTO `tag_mapping` VALUES (466, 29, 146);
INSERT INTO `tag_mapping` VALUES (467, 30, 146);
INSERT INTO `tag_mapping` VALUES (468, 1, 147);
INSERT INTO `tag_mapping` VALUES (469, 3, 147);
INSERT INTO `tag_mapping` VALUES (470, 4, 147);
INSERT INTO `tag_mapping` VALUES (471, 1, 148);
INSERT INTO `tag_mapping` VALUES (472, 3, 148);
INSERT INTO `tag_mapping` VALUES (473, 4, 148);
INSERT INTO `tag_mapping` VALUES (474, 1, 149);
INSERT INTO `tag_mapping` VALUES (475, 3, 149);
INSERT INTO `tag_mapping` VALUES (476, 8, 150);
INSERT INTO `tag_mapping` VALUES (477, 1, 150);
INSERT INTO `tag_mapping` VALUES (478, 3, 150);
INSERT INTO `tag_mapping` VALUES (479, 4, 150);
INSERT INTO `tag_mapping` VALUES (480, 11, 150);
INSERT INTO `tag_mapping` VALUES (481, 12, 151);
INSERT INTO `tag_mapping` VALUES (482, 1, 151);
INSERT INTO `tag_mapping` VALUES (483, 3, 151);
INSERT INTO `tag_mapping` VALUES (484, 4, 151);
INSERT INTO `tag_mapping` VALUES (485, 17, 151);
INSERT INTO `tag_mapping` VALUES (486, 31, 152);
INSERT INTO `tag_mapping` VALUES (487, 1, 152);
INSERT INTO `tag_mapping` VALUES (488, 3, 152);
INSERT INTO `tag_mapping` VALUES (489, 4, 152);
INSERT INTO `tag_mapping` VALUES (490, 1, 153);
INSERT INTO `tag_mapping` VALUES (491, 24, 153);
INSERT INTO `tag_mapping` VALUES (492, 1, 154);
INSERT INTO `tag_mapping` VALUES (493, 3, 154);
INSERT INTO `tag_mapping` VALUES (494, 4, 154);
INSERT INTO `tag_mapping` VALUES (495, 5, 154);
INSERT INTO `tag_mapping` VALUES (496, 1, 155);
INSERT INTO `tag_mapping` VALUES (497, 3, 155);
INSERT INTO `tag_mapping` VALUES (498, 4, 155);
INSERT INTO `tag_mapping` VALUES (499, 1, 156);
INSERT INTO `tag_mapping` VALUES (500, 3, 156);
INSERT INTO `tag_mapping` VALUES (501, 4, 156);
INSERT INTO `tag_mapping` VALUES (502, 10, 156);
INSERT INTO `tag_mapping` VALUES (503, 1, 157);
INSERT INTO `tag_mapping` VALUES (504, 3, 157);
INSERT INTO `tag_mapping` VALUES (505, 4, 157);
INSERT INTO `tag_mapping` VALUES (506, 1, 158);
INSERT INTO `tag_mapping` VALUES (507, 4, 158);
INSERT INTO `tag_mapping` VALUES (508, 18, 158);
INSERT INTO `tag_mapping` VALUES (509, 1, 159);
INSERT INTO `tag_mapping` VALUES (510, 9, 159);
INSERT INTO `tag_mapping` VALUES (511, 3, 159);
INSERT INTO `tag_mapping` VALUES (512, 4, 159);
INSERT INTO `tag_mapping` VALUES (513, 5, 159);
INSERT INTO `tag_mapping` VALUES (514, 1, 160);
INSERT INTO `tag_mapping` VALUES (515, 3, 160);
INSERT INTO `tag_mapping` VALUES (516, 5, 160);
INSERT INTO `tag_mapping` VALUES (517, 14, 161);
INSERT INTO `tag_mapping` VALUES (518, 1, 161);
INSERT INTO `tag_mapping` VALUES (519, 11, 161);
INSERT INTO `tag_mapping` VALUES (520, 10, 161);
INSERT INTO `tag_mapping` VALUES (521, 32, 161);
INSERT INTO `tag_mapping` VALUES (522, 1, 163);
INSERT INTO `tag_mapping` VALUES (523, 3, 163);
INSERT INTO `tag_mapping` VALUES (524, 4, 163);
INSERT INTO `tag_mapping` VALUES (525, 1, 164);
INSERT INTO `tag_mapping` VALUES (526, 4, 164);
INSERT INTO `tag_mapping` VALUES (527, 18, 164);
INSERT INTO `tag_mapping` VALUES (528, 1, 165);
INSERT INTO `tag_mapping` VALUES (529, 2, 165);
INSERT INTO `tag_mapping` VALUES (530, 3, 165);
INSERT INTO `tag_mapping` VALUES (531, 11, 165);
INSERT INTO `tag_mapping` VALUES (532, 1, 166);
INSERT INTO `tag_mapping` VALUES (533, 9, 166);
INSERT INTO `tag_mapping` VALUES (534, 3, 166);
INSERT INTO `tag_mapping` VALUES (535, 4, 166);
INSERT INTO `tag_mapping` VALUES (536, 1, 167);
INSERT INTO `tag_mapping` VALUES (537, 4, 167);
INSERT INTO `tag_mapping` VALUES (538, 1, 168);
INSERT INTO `tag_mapping` VALUES (539, 9, 168);
INSERT INTO `tag_mapping` VALUES (540, 3, 168);
INSERT INTO `tag_mapping` VALUES (541, 1, 169);
INSERT INTO `tag_mapping` VALUES (542, 4, 169);
INSERT INTO `tag_mapping` VALUES (543, 1, 170);
INSERT INTO `tag_mapping` VALUES (544, 3, 170);
INSERT INTO `tag_mapping` VALUES (545, 11, 170);
INSERT INTO `tag_mapping` VALUES (546, 1, 171);
INSERT INTO `tag_mapping` VALUES (547, 3, 171);
INSERT INTO `tag_mapping` VALUES (548, 19, 171);
INSERT INTO `tag_mapping` VALUES (549, 31, 172);
INSERT INTO `tag_mapping` VALUES (550, 1, 172);
INSERT INTO `tag_mapping` VALUES (551, 3, 172);
INSERT INTO `tag_mapping` VALUES (552, 4, 172);
INSERT INTO `tag_mapping` VALUES (553, 16, 172);
INSERT INTO `tag_mapping` VALUES (554, 1, 173);
INSERT INTO `tag_mapping` VALUES (555, 9, 173);
INSERT INTO `tag_mapping` VALUES (556, 3, 173);
INSERT INTO `tag_mapping` VALUES (557, 4, 173);
INSERT INTO `tag_mapping` VALUES (558, 1, 174);
INSERT INTO `tag_mapping` VALUES (559, 3, 174);
INSERT INTO `tag_mapping` VALUES (560, 1, 175);
INSERT INTO `tag_mapping` VALUES (561, 3, 175);
INSERT INTO `tag_mapping` VALUES (562, 4, 175);
INSERT INTO `tag_mapping` VALUES (563, 7, 175);
INSERT INTO `tag_mapping` VALUES (564, 1, 176);
INSERT INTO `tag_mapping` VALUES (565, 2, 176);
INSERT INTO `tag_mapping` VALUES (566, 1, 177);
INSERT INTO `tag_mapping` VALUES (567, 9, 177);
INSERT INTO `tag_mapping` VALUES (568, 3, 177);
INSERT INTO `tag_mapping` VALUES (569, 4, 177);
INSERT INTO `tag_mapping` VALUES (570, 1, 178);
INSERT INTO `tag_mapping` VALUES (571, 3, 178);
INSERT INTO `tag_mapping` VALUES (572, 4, 178);
INSERT INTO `tag_mapping` VALUES (573, 1, 179);
INSERT INTO `tag_mapping` VALUES (574, 3, 179);
INSERT INTO `tag_mapping` VALUES (575, 4, 179);
INSERT INTO `tag_mapping` VALUES (576, 1, 180);
INSERT INTO `tag_mapping` VALUES (577, 4, 180);
INSERT INTO `tag_mapping` VALUES (578, 22, 180);
INSERT INTO `tag_mapping` VALUES (579, 1, 181);
INSERT INTO `tag_mapping` VALUES (580, 4, 181);
INSERT INTO `tag_mapping` VALUES (581, 1, 182);
INSERT INTO `tag_mapping` VALUES (582, 4, 182);
INSERT INTO `tag_mapping` VALUES (583, 1, 183);
INSERT INTO `tag_mapping` VALUES (584, 2, 183);
INSERT INTO `tag_mapping` VALUES (585, 3, 183);
INSERT INTO `tag_mapping` VALUES (586, 4, 183);
INSERT INTO `tag_mapping` VALUES (587, 1, 184);
INSERT INTO `tag_mapping` VALUES (588, 3, 184);
INSERT INTO `tag_mapping` VALUES (589, 14, 185);
INSERT INTO `tag_mapping` VALUES (590, 1, 185);
INSERT INTO `tag_mapping` VALUES (591, 3, 185);
INSERT INTO `tag_mapping` VALUES (592, 30, 185);
INSERT INTO `tag_mapping` VALUES (593, 14, 186);
INSERT INTO `tag_mapping` VALUES (594, 1, 186);
INSERT INTO `tag_mapping` VALUES (595, 3, 186);
INSERT INTO `tag_mapping` VALUES (596, 19, 186);
INSERT INTO `tag_mapping` VALUES (597, 11, 186);
INSERT INTO `tag_mapping` VALUES (598, 29, 186);
INSERT INTO `tag_mapping` VALUES (599, 30, 186);
INSERT INTO `tag_mapping` VALUES (600, 1, 187);
INSERT INTO `tag_mapping` VALUES (601, 3, 187);
INSERT INTO `tag_mapping` VALUES (602, 4, 187);
INSERT INTO `tag_mapping` VALUES (603, 1, 188);
INSERT INTO `tag_mapping` VALUES (604, 3, 188);
INSERT INTO `tag_mapping` VALUES (605, 4, 188);
INSERT INTO `tag_mapping` VALUES (606, 1, 189);
INSERT INTO `tag_mapping` VALUES (607, 9, 189);
INSERT INTO `tag_mapping` VALUES (608, 3, 189);
INSERT INTO `tag_mapping` VALUES (609, 4, 189);
INSERT INTO `tag_mapping` VALUES (610, 5, 189);
INSERT INTO `tag_mapping` VALUES (611, 20, 189);
INSERT INTO `tag_mapping` VALUES (612, 30, 189);
INSERT INTO `tag_mapping` VALUES (613, 1, 190);
INSERT INTO `tag_mapping` VALUES (614, 9, 190);
INSERT INTO `tag_mapping` VALUES (615, 3, 190);
INSERT INTO `tag_mapping` VALUES (616, 4, 190);
INSERT INTO `tag_mapping` VALUES (617, 10, 190);
INSERT INTO `tag_mapping` VALUES (618, 1, 191);
INSERT INTO `tag_mapping` VALUES (619, 3, 191);
INSERT INTO `tag_mapping` VALUES (620, 4, 191);
INSERT INTO `tag_mapping` VALUES (621, 1, 192);
INSERT INTO `tag_mapping` VALUES (622, 3, 192);
INSERT INTO `tag_mapping` VALUES (623, 4, 192);
INSERT INTO `tag_mapping` VALUES (624, 1, 193);
INSERT INTO `tag_mapping` VALUES (625, 9, 193);
INSERT INTO `tag_mapping` VALUES (626, 3, 193);
INSERT INTO `tag_mapping` VALUES (627, 1, 194);
INSERT INTO `tag_mapping` VALUES (628, 3, 194);
INSERT INTO `tag_mapping` VALUES (629, 4, 194);
INSERT INTO `tag_mapping` VALUES (630, 11, 194);
INSERT INTO `tag_mapping` VALUES (631, 1, 196);
INSERT INTO `tag_mapping` VALUES (632, 3, 196);
INSERT INTO `tag_mapping` VALUES (633, 4, 196);
INSERT INTO `tag_mapping` VALUES (634, 1, 197);
INSERT INTO `tag_mapping` VALUES (635, 3, 197);
INSERT INTO `tag_mapping` VALUES (636, 4, 197);
INSERT INTO `tag_mapping` VALUES (637, 1, 198);
INSERT INTO `tag_mapping` VALUES (638, 3, 198);

--
-- 社区部分
--

DROP TABLE IF EXISTS `comment`;
DROP TABLE IF EXISTS `post`;
DROP TABLE IF EXISTS `user`;

CREATE TABLE `user` (
  `user_id` int unsigned PRIMARY KEY AUTO_INCREMENT,
  `openid` varchar(100) NOT NULL,
  `session_key` varchar(100) NOT NULL,
  `gender` tinyint DEFAULT 0,
  `phone` varchar(11) DEFAULT '',
  `nick_name` varchar(100) DEFAULT '',
  `avatar_url` varchar(200) DEFAULT '',
  `country` varchar(50),
  `province` varchar(50),
  `city` varchar(50)
) ENGINE = InnoDB AUTO_INCREMENT = 6 CHARACTER SET = utf8 COLLATE = utf8_general_ci ROW_FORMAT = Dynamic;

INSERT INTO `user` VALUES (1, 'xxxxU5KzmQfD3fbZvpxxxxxxxxxx', 'xxxxxxxiKvLYqaQknxddKw==', 1, '', 'xxc', 'https://wx.qlogo.cn/mmopen/vi_32/Q0j4TwGTfTJVMtlH6kzuNJ0AFYdqVYia3a911VEV5RKTROJDgaibd1Yrh83ibfykYTeJTF3hZFld428RcHheric2tQ/132', 'China', 'Jiangxi', 'Nanchang');
INSERT INTO `user` VALUES (2, 'xxxxU5OmeI6b4O0Kroxxxxxxxxxx', 'xxxxxxxjxoXDDaHIF2L9kw==', 1, '', 'white lie', 'https://wx.qlogo.cn/mmopen/vi_32/Q0j4TwGTfTKicEnxqicNkVpYgmMB3kVtarSobzjVbRdPYwNialRibNibYbayw19icib6CXVIKzNQzCC9DlZ8M98qSSlRA/132', 'Bermuda', '', '');
INSERT INTO `user` VALUES (3, 'xxxxU5Msu-BU0rWQclxxxxxxxxxx', 'xxxxxxx3rXtVB0ecxNNShA==', 1, '', '●尘埃落定●(๑• . •๑)', 'https://wx.qlogo.cn/mmopen/vi_32/Q0j4TwGTfTLBwrlRticPBfte94HeZ4A4uLXX9mDNtg71YregysvnOcZsjrm4F1KODA6u9Dicosia0204plRicE1RUA/132', 'China', 'Zhejiang', 'Taizhou');
INSERT INTO `user` VALUES (4, 'xxxxU5NrkbhtMoKGzSxxxxxxxxxx', 'xxxxxxxRhLG4ccXBUqiy3Q==', 1, '', 'ZGY', 'https://wx.qlogo.cn/mmopen/vi_32/Q0j4TwGTfTIiaIOs60WlHpDiaIWHpc9S3R5pF4FxsSrOABLzPrK43PelBuVqOIWsm9rzYjR66iaPialQjHecqdx24A/132', 'China', 'Guangdong', 'Shenzhen');
INSERT INTO `user` VALUES (5, 'xxxxU5EFW8er45etcjxxxxxxxxxx', 'xxxxxxx6O1OunTczkihfag==', 1, '', 'WyC', 'https://wx.qlogo.cn/mmopen/vi_32/eedm0V9AZKWdRSGRnRLSuUsWul0nuj17JO4beuWDbGD3RmpSqvr7ERzTfExRypKSkwfRs2604VknjWnTJKiam5w/132', 'China', '', '');

CREATE TABLE `post` (
  `post_id` int unsigned PRIMARY KEY AUTO_INCREMENT,
  `post_title` varchar(200) NOT NULL,
  `post_content` text NOT NULL,
  `topic_id` int unsigned,
  `last_comment_time` timestamp,
  `create_time` timestamp DEFAULT now(),
  `post_owner_id` int unsigned NOT NULL,
  FOREIGN KEY (`post_owner_id`) REFERENCES `user` (`user_id`) ON DELETE CASCADE
) ENGINE = InnoDB AUTO_INCREMENT = 20 CHARACTER SET = utf8 COLLATE = utf8_general_ci ROW_FORMAT = Dynamic;

INSERT INTO `post` VALUES (11, '[2019.8.3]社区功能测试', '+ 新增下拉刷新功能（社区首页、帖子详情）\n+ 修复无法连接至WebSocket的错误', NULL, '2019-08-03 15:28:29', '2019-08-03 15:28:29', 1);
INSERT INTO `post` VALUES (12, '干货丨化妆水大扒皮！是花了冤枉钱，还是真的有用？', '化妆水常常容易被我们忽略：因为它不像洗面奶，隔离乳，防晒霜那样从名字就能看出具体功能的产品，同时我相信也有不少宝宝们平时不使用化妆水的。\n\n① 那么化妆水这种东西到底是不是必需品？\n\n② 化妆水用手拍，棉片还是喷雾有什么区别呢？\n\n③ 所谓“高机能”化妆水跟普通化妆水的功效真的那', NULL, '2019-08-03 18:25:38', '2019-08-03 18:25:38', 4);
INSERT INTO `post` VALUES (13, '今天你变美了吗？', '暴风雨，台风，美到不能自已！', NULL, '2019-08-03 18:25:45', '2019-08-03 18:25:45', 2);
INSERT INTO `post` VALUES (14, '护肤步骤', '1.洁面\n2.爽肤水（二次清洁，打开毛孔）\n3.精华液（补充营养）\n4.护肤水（补水）\n5.护肤乳（缩水补水）\n6.面霜（锁水）\n\n\n\n\n\n\n\n', NULL, '2019-08-03 19:48:55', '2019-08-03 19:48:55', 4);
INSERT INTO `post` VALUES (15, '测试发布', '我的貂蝉在哪里？', NULL, '2019-08-03 21:16:24', '2019-08-03 21:16:24', 5);
INSERT INTO `post` VALUES (18, '[2019.8.5]更新日志', '+ 更换了一批新的商品数据\n+ 新增新品、热门、品牌栏目\n+ 新增商品搜索、帖子搜索功能\n+ 优化未读消息样式', NULL, '2019-08-05 22:26:39', '2019-08-05 22:25:35', 1);
INSERT INTO `post` VALUES (19, '[2019.8.6]更新日志', '+ 修复已读消息显示错误问题', NULL, '2019-08-06 08:19:36', '2019-08-06 08:19:36', 1);

CREATE TABLE `comment` (
  `comment_id` int unsigned PRIMARY KEY AUTO_INCREMENT,
  `comment_content` text,
  `comment_owner_id` int unsigned,
  `post_id` int unsigned,
  `create_time` timestamp,
  FOREIGN KEY (`comment_owner_id`) REFERENCES `user` (`user_id`) ON DELETE CASCADE,
  FOREIGN KEY (`post_id`) REFERENCES `post` (`post_id`) ON DELETE CASCADE
) ENGINE = InnoDB AUTO_INCREMENT = 14 CHARACTER SET = utf8 COLLATE = utf8_general_ci ROW_FORMAT = Dynamic;

INSERT INTO `comment` VALUES (102, '测试评论功能', 1, 11, '2019-08-03 15:55:26');
INSERT INTO `comment` VALUES (103, '评论帖子，对应发帖人会收到通知', 1, 11, '2019-08-03 16:01:19');
INSERT INTO `comment` VALUES (104, '测试阶段，保留自己回自己贴子，收到消息通知功能', 1, 11, '2019-08-03 16:01:53');
INSERT INTO `comment` VALUES (105, '有用！', 2, 12, '2019-08-03 18:27:52');
INSERT INTO `comment` VALUES (106, '一通乱涂就是了', 2, 14, '2019-08-03 21:11:53');
INSERT INTO `comment` VALUES (107, '每天都是美美的', 2, 13, '2019-08-03 21:12:16');
INSERT INTO `comment` VALUES (108, '', 5, 13, '2019-08-03 21:15:21');
INSERT INTO `comment` VALUES (109, '没有', 5, 13, '2019-08-03 21:15:26');
INSERT INTO `comment` VALUES (110, '强啊', 5, 11, '2019-08-03 21:15:53');
INSERT INTO `comment` VALUES (111, '哈', 1, 15, '2019-08-03 21:17:29');
INSERT INTO `comment` VALUES (112, '你心里', 2, 15, '2019-08-03 21:17:50');
INSERT INTO `comment` VALUES (113, '测试Websocket服务是否正常', 1, 11, '2019-08-04 16:44:05');
INSERT INTO `comment` VALUES (115, '测试评论API', 1, 11, '2019-08-05 14:44:29');
INSERT INTO `comment` VALUES (116, '测试消息通知功能', 1, 18, '2019-08-06 08:17:35');
INSERT INTO `comment` VALUES (117, '测试消息通知功能2', 1, 18, '2019-08-06 08:17:52');
INSERT INTO `comment` VALUES (118, '测试', 1, 19, '2019-08-07 14:15:53');
INSERT INTO `comment` VALUES (119, '测试', 1, 19, '2019-08-07 14:19:05');